,Expiration,Call Bid,Call Ask,Call Volume,Open Interest,Strike,Put Bid,Put Ask,Put Volume,Put Open Interest
0,Fri Sep 06 2024,121.2,123.6,4,7,100.0,0.0,0.01,1,0
1,Fri Sep 06 2024,115.7,119.5,0,1,105.0,0.0,0.01,0,0
2,Fri Sep 06 2024,110.7,114.45,0,4,110.0,0.0,0.01,0,0
3,Fri Sep 06 2024,105.7,109.5,3,3,115.0,0.0,0.01,1,0
4,Fri Sep 06 2024,100.7,104.45,0,4,120.0,0.0,0.01,0,59
5,Fri Sep 06 2024,95.7,99.5,0,2,125.0,0.0,0.01,0,5
6,Fri Sep 06 2024,90.9,94.5,0,0,130.0,0.0,0.01,0,18
7,Fri Sep 06 2024,85.75,89.65,0,4,135.0,0.0,0.01,0,35
8,Fri Sep 06 2024,81.25,83.65,0,22,140.0,0.0,0.01,0,554
9,Fri Sep 06 2024,75.7,79.65,0,2,145.0,0.0,0.01,0,135
10,Fri Sep 06 2024,71.0,73.1,11,28,150.0,0.0,0.01,2,219
11,Fri Sep 06 2024,67.2,68.6,0,0,155.0,0.0,0.01,5,76
12,Fri Sep 06 2024,62.3,63.25,3,4,160.0,0.0,0.01,1,161
13,Fri Sep 06 2024,56.6,58.6,7,30,165.0,0.0,0.01,0,1558
14,Fri Sep 06 2024,52.25,54.05,23,132,170.0,0.0,0.01,2000,2883
15,Fri Sep 06 2024,47.25,48.4,1,431,175.0,0.0,0.01,28,335
16,Fri Sep 06 2024,42.35,43.6,3,220,180.0,0.0,0.01,280,1171
17,Fri Sep 06 2024,37.0,38.4,1,237,185.0,0.0,0.01,148,609
18,Fri Sep 06 2024,31.75,33.7,215,426,190.0,0.01,0.02,891,2860
19,Fri Sep 06 2024,27.55,28.9,186,386,195.0,0.03,0.04,1171,3457
20,Fri Sep 06 2024,22.25,23.25,281,388,200.0,0.06,0.07,1184,2693
21,Fri Sep 06 2024,20.15,20.75,77,75,202.5,0.08,0.09,231,1521
22,Fri Sep 06 2024,17.3,19.2,120,605,205.0,0.11,0.13,7765,3941
23,Fri Sep 06 2024,14.45,16.3,79,802,207.5,0.15,0.17,1034,2048
24,Fri Sep 06 2024,12.5,13.4,176,1399,210.0,0.22,0.23,5992,5388
25,Fri Sep 06 2024,10.3,10.95,975,99,212.5,0.31,0.33,2652,1212
26,Fri Sep 06 2024,8.15,8.5,2956,1500,215.0,0.46,0.49,7906,4763
27,Fri Sep 06 2024,5.15,6.3,3249,216,217.5,0.76,0.79,5892,4699
28,Fri Sep 06 2024,4.15,4.3,5132,5580,220.0,1.3,1.42,26316,10480
29,Fri Sep 06 2024,2.43,2.66,9938,675,222.5,2.16,2.4,18964,6885
30,Fri Sep 06 2024,1.43,1.48,31900,6916,225.0,3.5,3.6,28513,10186
31,Fri Sep 06 2024,0.7,0.73,31186,12959,227.5,5.2,5.4,7834,6454
32,Fri Sep 06 2024,0.32,0.34,46097,17573,230.0,6.7,7.75,3373,7679
33,Fri Sep 06 2024,0.15,0.16,31277,18802,232.5,9.35,10.15,409,2295
34,Fri Sep 06 2024,0.07,0.08,18722,23826,235.0,11.9,12.8,245,3729
35,Fri Sep 06 2024,0.04,0.05,6287,9782,237.5,14.1,16.05,9,359
36,Fri Sep 06 2024,0.03,0.04,8060,14517,240.0,16.5,18.25,97,843
37,Fri Sep 06 2024,0.01,0.02,2260,4127,242.5,18.7,20.15,5,66
38,Fri Sep 06 2024,0.01,0.02,2152,3565,245.0,21.1,24.05,4,7
39,Fri Sep 06 2024,0.0,0.01,452,4560,247.5,24.35,25.2,1,0
40,Fri Sep 06 2024,0.0,0.01,1410,4384,250.0,26.2,27.8,0,1
41,Fri Sep 06 2024,0.0,0.01,651,593,252.5,29.15,30.45,0,1
42,Fri Sep 06 2024,0.0,0.01,3,841,255.0,31.55,33.6,0,0
43,Fri Sep 06 2024,0.0,0.01,42,428,260.0,36.5,38.15,1,1
44,Fri Sep 06 2024,0.0,0.01,10,508,265.0,41.5,43.7,0,0
45,Fri Sep 06 2024,0.0,0.01,0,131,270.0,46.9,48.25,0,0
46,Fri Sep 06 2024,0.0,0.01,1,106,275.0,51.45,52.9,0,0
47,Fri Sep 06 2024,0.0,0.01,23,74,280.0,56.8,57.85,0,0
48,Fri Sep 06 2024,0.0,0.01,0,105,285.0,61.7,63.45,0,0
49,Fri Sep 06 2024,0.0,0.01,100,346,290.0,66.8,67.75,10,0
50,Fri Sep 06 2024,0.0,0.01,1,5,295.0,71.45,72.85,0,0
51,Fri Sep 06 2024,0.0,0.01,21,21,300.0,76.8,78.25,2,0
52,Fri Sep 13 2024,121.4,124.35,1,2,100.0,0.0,0.01,0,27
53,Fri Sep 13 2024,116.4,119.4,0,0,105.0,0.0,0.01,0,18
54,Fri Sep 13 2024,111.4,114.4,0,1,110.0,0.0,0.01,0,0
55,Fri Sep 13 2024,106.45,109.4,0,3,115.0,0.0,0.01,0,321
56,Fri Sep 13 2024,101.45,104.4,0,1,120.0,0.0,0.01,0,6
57,Fri Sep 13 2024,96.45,99.4,0,0,125.0,0.0,0.01,0,0
58,Fri Sep 13 2024,91.45,94.4,0,64,130.0,0.0,0.01,0,10
59,Fri Sep 13 2024,87.45,88.3,0,0,135.0,0.0,0.01,0,13
60,Fri Sep 13 2024,82.45,83.45,3,3,140.0,0.0,0.01,50,0
61,Fri Sep 13 2024,77.5,78.35,0,0,145.0,0.0,0.01,1,8
62,Fri Sep 13 2024,72.5,73.35,3,3,150.0,0.0,0.01,0,416
63,Fri Sep 13 2024,67.5,69.25,0,2,155.0,0.0,0.01,0,37
64,Fri Sep 13 2024,62.5,63.5,0,1,160.0,0.0,0.02,0,415
65,Fri Sep 13 2024,57.55,58.5,0,5,165.0,0.01,0.02,41,167
66,Fri Sep 13 2024,52.55,53.4,11,21,170.0,0.01,0.02,4,178
67,Fri Sep 13 2024,47.55,48.55,0,73,175.0,0.02,0.04,2576,4463
68,Fri Sep 13 2024,42.6,43.45,0,175,180.0,0.03,0.05,2242,2609
69,Fri Sep 13 2024,37.65,38.5,10,56,185.0,0.06,0.07,350,422
70,Fri Sep 13 2024,32.65,34.45,28,150,190.0,0.1,0.12,271,602
71,Fri Sep 13 2024,27.8,28.7,12,165,195.0,0.17,0.19,1335,1369
72,Fri Sep 13 2024,22.85,23.75,162,175,200.0,0.28,0.29,912,2640
73,Fri Sep 13 2024,18.25,18.75,87,189,205.0,0.46,0.49,851,4280
74,Fri Sep 13 2024,16.0,16.75,163,131,207.5,0.6,0.64,874,182
75,Fri Sep 13 2024,13.65,14.0,266,643,210.0,0.81,0.85,1568,2143
76,Fri Sep 13 2024,11.45,12.1,37,52,212.5,1.09,1.13,749,500
77,Fri Sep 13 2024,9.6,9.8,433,1693,215.0,1.49,1.54,6262,4131
78,Fri Sep 13 2024,7.65,7.85,231,161,217.5,2.05,2.3,3837,477
79,Fri Sep 13 2024,5.9,6.1,1345,2444,220.0,2.8,3.15,7367,5653
80,Fri Sep 13 2024,4.45,4.6,2068,177,222.5,3.8,4.15,3626,1109
81,Fri Sep 13 2024,3.2,3.3,8696,3966,225.0,5.05,5.2,4462,3609
82,Fri Sep 13 2024,2.26,2.33,9841,2871,227.5,6.55,6.75,2198,1196
83,Fri Sep 13 2024,1.54,1.59,21208,9362,230.0,8.35,8.55,2316,2015
84,Fri Sep 13 2024,1.03,1.06,4327,1710,232.5,9.75,10.75,602,553
85,Fri Sep 13 2024,0.66,0.7,18399,34238,235.0,12.2,12.95,365,883
86,Fri Sep 13 2024,0.43,0.44,1252,3139,237.5,14.55,15.45,23,75
87,Fri Sep 13 2024,0.28,0.3,4189,10837,240.0,16.9,17.85,21,1107
88,Fri Sep 13 2024,0.18,0.2,2180,7159,242.5,19.35,20.3,0,37
89,Fri Sep 13 2024,0.13,0.14,5852,9608,245.0,21.0,22.85,1,20
90,Fri Sep 13 2024,0.09,0.11,154,629,247.5,24.35,25.15,0,2
91,Fri Sep 13 2024,0.06,0.08,5490,7043,250.0,26.85,27.8,38,1
92,Fri Sep 13 2024,0.05,0.06,42,761,252.5,28.55,30.3,0,0
93,Fri Sep 13 2024,0.04,0.05,202,3810,255.0,31.85,32.85,0,1
94,Fri Sep 13 2024,0.02,0.04,523,835,260.0,36.8,37.85,0,0
95,Fri Sep 13 2024,0.02,0.03,295,526,265.0,41.85,42.8,0,0
96,Fri Sep 13 2024,0.0,0.02,48,426,270.0,46.85,47.85,0,0
97,Fri Sep 13 2024,0.0,0.02,11,181,275.0,51.85,52.85,1,0
98,Fri Sep 13 2024,0.0,0.02,68,515,280.0,56.85,57.85,0,0
99,Fri Sep 13 2024,0.0,0.01,12,192,285.0,60.95,62.85,0,0
100,Fri Sep 13 2024,0.0,0.01,40,86,290.0,66.85,67.85,0,0
101,Fri Sep 13 2024,0.0,0.01,1,154,295.0,71.85,72.8,3,1
102,Fri Sep 13 2024,0.0,0.01,1,594,300.0,76.85,77.85,0,0
103,Fri Sep 20 2024,216.35,219.15,0,188,5.0,0.0,0.01,0,9
104,Fri Sep 20 2024,211.35,214.1,0,19,10.0,0.0,0.01,0,63
105,Fri Sep 20 2024,206.35,209.15,3,7,15.0,0.0,0.01,0,5215
106,Fri Sep 20 2024,201.35,204.15,0,14,20.0,0.0,0.01,0,2386
107,Fri Sep 20 2024,196.4,199.2,0,23,25.0,0.0,0.01,0,102
108,Fri Sep 20 2024,191.4,194.2,0,77,30.0,0.0,0.01,0,90
109,Fri Sep 20 2024,186.7,188.9,0,835,35.0,0.0,0.01,0,780
110,Fri Sep 20 2024,181.45,184.2,0,271,40.0,0.0,0.01,0,432
111,Fri Sep 20 2024,176.45,179.25,1,15,45.0,0.0,0.01,0,4
112,Fri Sep 20 2024,171.85,173.9,1,1388,50.0,0.0,0.01,0,1333
113,Fri Sep 20 2024,166.45,169.3,0,604,55.0,0.0,0.01,0,892
114,Fri Sep 20 2024,161.5,164.25,0,534,60.0,0.0,0.01,0,1382
115,Fri Sep 20 2024,156.5,159.3,0,231,65.0,0.0,0.01,0,1098
116,Fri Sep 20 2024,151.5,154.3,0,281,70.0,0.0,0.01,2,1306
117,Fri Sep 20 2024,146.55,149.35,0,41,75.0,0.0,0.01,0,2008
118,Fri Sep 20 2024,141.55,144.35,0,187,80.0,0.0,0.01,0,905
119,Fri Sep 20 2024,136.55,139.35,0,34,85.0,0.0,0.01,0,1291
120,Fri Sep 20 2024,131.55,134.35,0,95,90.0,0.0,0.01,0,705
121,Fri Sep 20 2024,126.6,129.4,0,87,95.0,0.0,0.01,0,718
122,Fri Sep 20 2024,122.15,123.4,0,1948,100.0,0.0,0.01,0,3478
123,Fri Sep 20 2024,116.6,119.4,0,669,105.0,0.0,0.01,1,3282
124,Fri Sep 20 2024,111.65,114.4,0,480,110.0,0.0,0.01,0,7446
125,Fri Sep 20 2024,107.65,109.35,0,412,115.0,0.0,0.01,650,9323
126,Fri Sep 20 2024,102.65,103.45,0,636,120.0,0.0,0.01,20,12468
127,Fri Sep 20 2024,97.65,98.45,9,321,125.0,0.0,0.01,0,3816
128,Fri Sep 20 2024,92.7,93.5,1,534,130.0,0.0,0.02,150,10368
129,Fri Sep 20 2024,87.7,89.4,0,329,135.0,0.0,0.02,940,10101
130,Fri Sep 20 2024,82.7,84.0,1,1737,140.0,0.01,0.02,32,11445
131,Fri Sep 20 2024,77.75,78.9,2,1169,145.0,0.01,0.02,0,29181
132,Fri Sep 20 2024,72.75,74.05,8,2982,150.0,0.01,0.02,13,27540
133,Fri Sep 20 2024,67.75,68.6,2,2057,155.0,0.01,0.04,86,11646
134,Fri Sep 20 2024,62.8,63.6,48,3025,160.0,0.02,0.04,105,13398
135,Fri Sep 20 2024,57.85,58.65,1,1501,165.0,0.04,0.06,1255,15947
136,Fri Sep 20 2024,52.85,53.65,30,5442,170.0,0.06,0.07,1942,24054
137,Fri Sep 20 2024,47.9,49.05,33,13618,175.0,0.09,0.1,489,46321
138,Fri Sep 20 2024,42.95,43.65,146,17123,180.0,0.14,0.16,977,29668
139,Fri Sep 20 2024,38.0,38.95,300,14401,185.0,0.2,0.21,471,23034
140,Fri Sep 20 2024,32.1,34.15,113,20862,190.0,0.28,0.3,334,18622
141,Fri Sep 20 2024,28.25,29.35,157,17926,195.0,0.4,0.43,1058,16862
142,Fri Sep 20 2024,22.6,24.2,414,37463,200.0,0.59,0.61,2220,27756
143,Fri Sep 20 2024,21.15,22.35,48,84,202.5,0.72,0.75,124,3274
144,Fri Sep 20 2024,18.95,19.55,576,19792,205.0,0.88,0.92,1135,30090
145,Fri Sep 20 2024,16.65,17.15,47,92,207.5,1.11,1.14,571,3898
146,Fri Sep 20 2024,14.0,15.05,708,23141,210.0,1.39,1.44,4493,29113
147,Fri Sep 20 2024,12.6,12.8,78,148,212.5,1.77,1.83,608,1209
148,Fri Sep 20 2024,10.6,10.8,921,24423,215.0,2.28,2.34,3742,18851
149,Fri Sep 20 2024,8.75,8.95,488,1401,217.5,2.92,3.1,1202,2375
150,Fri Sep 20 2024,7.1,7.2,1873,64662,220.0,3.75,3.85,7595,25995
151,Fri Sep 20 2024,5.6,5.75,8526,1010,222.5,4.7,4.85,1115,2762
152,Fri Sep 20 2024,4.3,4.45,22967,43721,225.0,5.95,6.1,2509,23425
153,Fri Sep 20 2024,3.25,3.35,3166,11645,227.5,7.35,7.55,570,1903
154,Fri Sep 20 2024,2.39,2.45,17356,75966,230.0,9.0,9.2,1551,8792
155,Fri Sep 20 2024,1.72,1.77,3235,5119,232.5,10.85,11.05,300,878
156,Fri Sep 20 2024,1.21,1.25,10042,40177,235.0,12.7,13.25,504,2779
157,Fri Sep 20 2024,0.84,0.89,2469,3577,237.5,14.85,15.5,43,362
158,Fri Sep 20 2024,0.59,0.62,20968,70798,240.0,17.15,17.8,444,7606
159,Fri Sep 20 2024,0.41,0.44,919,13127,242.5,18.85,20.3,8,96
160,Fri Sep 20 2024,0.29,0.31,1938,23992,245.0,21.2,22.7,1,21
161,Fri Sep 20 2024,0.21,0.22,315,1334,247.5,24.4,25.25,9,11
162,Fri Sep 20 2024,0.15,0.16,5405,39988,250.0,26.15,27.65,9,62
163,Fri Sep 20 2024,0.11,0.13,252,225,252.5,28.5,30.25,0,2
164,Fri Sep 20 2024,0.08,0.1,335,20346,255.0,31.0,32.75,0,0
165,Fri Sep 20 2024,0.05,0.06,488,22411,260.0,36.15,37.75,0,0
166,Fri Sep 20 2024,0.03,0.05,403,2861,265.0,41.9,42.75,13,3
167,Fri Sep 20 2024,0.02,0.04,112,3919,270.0,46.3,47.75,0,0
168,Fri Sep 20 2024,0.01,0.03,9,1269,275.0,51.9,52.75,0,0
169,Fri Sep 20 2024,0.01,0.03,95,32234,280.0,56.15,57.75,0,0
170,Fri Sep 20 2024,0.0,0.02,7,595,285.0,61.2,62.75,0,0
171,Fri Sep 20 2024,0.01,0.02,67,2787,290.0,66.3,67.75,0,0
172,Fri Sep 20 2024,0.0,0.01,74,1554,295.0,71.95,72.75,0,0
173,Fri Sep 20 2024,0.0,0.01,43,8443,300.0,76.95,77.75,0,0
174,Fri Sep 20 2024,0.0,0.01,450,1722,305.0,81.2,82.75,0,0
175,Fri Sep 20 2024,0.0,0.01,0,8720,310.0,86.3,87.75,0,0
176,Fri Sep 20 2024,0.0,0.01,0,371,315.0,91.2,92.75,0,0
177,Fri Sep 20 2024,0.0,0.02,1,530,320.0,96.3,97.75,0,0
178,Fri Sep 20 2024,0.0,0.01,0,630,325.0,101.2,102.75,0,0
179,Fri Sep 20 2024,0.0,0.01,0,774,330.0,106.9,107.75,0,0
180,Fri Sep 20 2024,0.0,0.01,0,1930,335.0,111.9,112.75,0,0
181,Fri Sep 27 2024,121.6,124.6,0,1,100.0,0.0,0.02,0,0
182,Fri Sep 27 2024,116.65,119.6,1,0,105.0,0.0,0.02,0,0
183,Fri Sep 27 2024,111.65,114.65,0,10,110.0,0.0,0.02,0,1
184,Fri Sep 27 2024,107.65,108.65,0,0,115.0,0.0,0.02,0,0
185,Fri Sep 27 2024,102.7,103.55,0,0,120.0,0.0,0.02,0,0
186,Fri Sep 27 2024,97.7,98.5,0,0,125.0,0.0,0.02,0,130
187,Fri Sep 27 2024,92.75,93.5,0,0,130.0,0.0,0.02,0,2
188,Fri Sep 27 2024,87.75,88.75,0,0,135.0,0.0,0.02,0,729
189,Fri Sep 27 2024,82.8,84.45,0,4,140.0,0.01,0.03,1,42
190,Fri Sep 27 2024,77.8,78.8,0,0,145.0,0.01,0.03,0,86
191,Fri Sep 27 2024,72.95,73.5,1,57,150.0,0.02,0.04,4,391
192,Fri Sep 27 2024,67.85,68.75,0,0,155.0,0.02,0.05,0,174
193,Fri Sep 27 2024,62.9,63.8,0,37,160.0,0.04,0.05,64,119
194,Fri Sep 27 2024,57.95,58.8,0,3,165.0,0.06,0.09,34,306
195,Fri Sep 27 2024,53.0,53.9,6,8,170.0,0.1,0.11,0,614
196,Fri Sep 27 2024,48.05,48.95,0,3,175.0,0.14,0.17,25,49
197,Fri Sep 27 2024,43.15,44.1,2,39,180.0,0.2,0.23,35,408
198,Fri Sep 27 2024,38.25,39.2,7,25,185.0,0.29,0.31,14,395
199,Fri Sep 27 2024,33.4,34.2,3,101,190.0,0.41,0.45,172,1839
200,Fri Sep 27 2024,28.55,29.5,10,217,195.0,0.59,0.62,397,517
201,Fri Sep 27 2024,23.85,24.75,34,394,200.0,0.85,0.89,683,1260
202,Fri Sep 27 2024,19.55,20.15,21,320,205.0,1.26,1.32,734,959
203,Fri Sep 27 2024,15.05,15.7,91,236,210.0,1.91,1.98,1195,2568
204,Fri Sep 27 2024,11.1,12.05,78,749,215.0,2.93,3.05,1163,3511
205,Fri Sep 27 2024,8.05,8.2,646,1219,220.0,4.45,4.6,1279,2669
206,Fri Sep 27 2024,5.25,5.35,4946,1252,225.0,6.65,6.8,3105,2920
207,Fri Sep 27 2024,3.15,3.25,2979,22550,230.0,9.6,9.8,190,1117
208,Fri Sep 27 2024,1.78,1.86,2770,13192,235.0,12.9,13.75,67,439
209,Fri Sep 27 2024,0.95,1.02,4884,18917,240.0,17.15,18.15,16,103
210,Fri Sep 27 2024,0.5,0.53,3788,2143,245.0,22.0,22.9,1,8
211,Fri Sep 27 2024,0.27,0.3,556,1644,250.0,25.8,28.8,1,25
212,Fri Sep 27 2024,0.15,0.17,246,537,255.0,31.8,32.85,3,5
213,Fri Sep 27 2024,0.09,0.12,226,1135,260.0,36.1,37.85,0,0
214,Fri Sep 27 2024,0.06,0.07,62,240,265.0,41.8,42.7,0,0
215,Fri Sep 27 2024,0.04,0.05,96,739,270.0,46.75,47.85,0,0
216,Fri Sep 27 2024,0.03,0.04,92,136,275.0,51.05,52.85,0,0
217,Fri Sep 27 2024,0.01,0.04,34,238,280.0,56.8,57.85,0,0
218,Fri Sep 27 2024,0.01,0.03,1,84,285.0,61.8,62.85,0,0
219,Fri Sep 27 2024,0.0,0.04,115,30,290.0,66.8,67.7,0,0
220,Fri Sep 27 2024,0.0,0.02,0,139,295.0,71.8,72.85,0,0
221,Fri Sep 27 2024,0.01,0.03,74,43,300.0,75.9,77.75,0,0
222,Fri Oct 04 2024,121.4,124.8,0,0,100.0,0.0,0.02,0,0
223,Fri Oct 04 2024,116.45,119.85,0,0,105.0,0.0,0.02,0,0
224,Fri Oct 04 2024,112.75,114.05,0,0,110.0,0.0,0.02,0,3
225,Fri Oct 04 2024,107.95,108.8,0,0,115.0,0.0,0.02,0,0
226,Fri Oct 04 2024,102.5,104.05,0,0,120.0,0.0,0.02,0,0
227,Fri Oct 04 2024,97.55,98.8,0,0,125.0,0.0,0.03,0,0
228,Fri Oct 04 2024,92.55,93.7,0,0,130.0,0.0,0.03,0,0
229,Fri Oct 04 2024,88.0,89.05,0,0,135.0,0.01,0.04,0,1
230,Fri Oct 04 2024,83.05,83.7,0,3,140.0,0.01,0.04,0,0
231,Fri Oct 04 2024,78.05,79.7,0,11,145.0,0.01,0.05,0,1
232,Fri Oct 04 2024,72.7,73.95,0,0,150.0,0.03,0.05,0,4
233,Fri Oct 04 2024,67.75,69.15,0,0,155.0,0.05,0.07,2,2
234,Fri Oct 04 2024,62.8,64.4,0,0,160.0,0.08,0.09,1,22
235,Fri Oct 04 2024,57.85,59.0,0,1,165.0,0.1,0.12,2,3
236,Fri Oct 04 2024,52.9,54.85,0,3,170.0,0.14,0.18,16,3
237,Fri Oct 04 2024,48.3,49.3,1,3,175.0,0.2,0.24,10,24
238,Fri Oct 04 2024,43.4,44.55,0,0,180.0,0.29,0.32,2,70
239,Fri Oct 04 2024,38.45,39.85,5,4,185.0,0.4,0.44,22,478
240,Fri Oct 04 2024,33.4,34.85,1,2,190.0,0.55,0.61,164,155
241,Fri Oct 04 2024,28.7,30.2,250,9,195.0,0.78,0.84,85,172
242,Fri Oct 04 2024,24.55,25.5,32,17,200.0,1.1,1.17,621,601
243,Fri Oct 04 2024,19.6,21.05,20,14,205.0,1.59,1.67,1298,230
244,Fri Oct 04 2024,14.6,16.25,49,29,210.0,2.32,2.42,808,1193
245,Fri Oct 04 2024,12.0,12.45,53,23,215.0,3.4,3.55,263,290
246,Fri Oct 04 2024,8.8,8.95,139,134,220.0,5.0,5.15,1968,1622
247,Fri Oct 04 2024,5.95,6.1,783,390,225.0,7.15,7.35,174,231
248,Fri Oct 04 2024,3.75,3.85,1641,1137,230.0,10.0,10.2,221,408
249,Fri Oct 04 2024,2.24,2.33,4144,1099,235.0,13.05,14.25,11,82
250,Fri Oct 04 2024,1.27,1.34,1727,1554,240.0,17.2,18.7,5,111
251,Fri Oct 04 2024,0.7,0.76,194,623,245.0,21.55,23.3,0,29
252,Fri Oct 04 2024,0.39,0.44,483,587,250.0,26.6,28.25,0,2
253,Fri Oct 04 2024,0.23,0.26,42,404,255.0,31.55,32.7,0,1
254,Fri Oct 04 2024,0.14,0.16,69,249,260.0,36.45,38.25,0,0
255,Fri Oct 04 2024,0.09,0.1,78,295,265.0,41.55,42.95,0,0
256,Fri Oct 04 2024,0.06,0.07,3,63,270.0,46.9,48.25,0,0
257,Fri Oct 04 2024,0.04,0.05,4,10,275.0,51.65,53.15,0,0
258,Fri Oct 04 2024,0.02,0.04,3,218,280.0,56.75,58.25,0,0
259,Fri Oct 04 2024,0.01,0.04,1,212,285.0,61.2,63.25,0,0
260,Fri Oct 04 2024,0.01,0.04,68,9,290.0,66.85,67.95,0,0
261,Fri Oct 04 2024,0.01,0.04,5,8,295.0,71.6,72.8,0,0
262,Fri Oct 04 2024,0.0,0.03,37,31,300.0,76.55,77.9,0,0
263,Fri Oct 11 2024,121.4,125.25,0,0,100.0,0.0,0.54,0,0
264,Fri Oct 11 2024,117.9,119.15,0,0,105.0,0.0,0.54,0,0
265,Fri Oct 11 2024,112.2,114.05,0,0,110.0,0.0,0.52,0,0
266,Fri Oct 11 2024,107.3,109.0,0,0,115.0,0.0,0.51,0,0
267,Fri Oct 11 2024,102.25,104.7,0,0,120.0,0.0,0.49,0,0
268,Fri Oct 11 2024,97.5,99.1,0,0,125.0,0.0,0.47,0,0
269,Fri Oct 11 2024,92.3,94.2,0,0,130.0,0.0,0.44,0,0
270,Fri Oct 11 2024,87.4,89.15,0,0,135.0,0.0,0.4,0,0
271,Fri Oct 11 2024,82.75,84.1,0,0,140.0,0.0,0.36,0,0
272,Fri Oct 11 2024,77.45,79.2,0,0,145.0,0.01,0.3,0,0
273,Fri Oct 11 2024,73.1,74.8,1,0,150.0,0.02,0.39,0,0
274,Fri Oct 11 2024,67.95,69.9,0,0,155.0,0.03,0.42,0,0
275,Fri Oct 11 2024,62.6,64.05,1,3,160.0,0.05,0.38,0,0
276,Fri Oct 11 2024,58.1,59.9,0,0,165.0,0.09,0.19,2,0
277,Fri Oct 11 2024,53.1,55.05,6,0,170.0,0.09,0.49,1,0
278,Fri Oct 11 2024,48.4,49.85,0,0,175.0,0.13,0.65,0,7
279,Fri Oct 11 2024,43.75,45.25,0,3,180.0,0.25,0.5,15,24
280,Fri Oct 11 2024,38.95,39.9,0,0,185.0,0.49,0.66,29,0
281,Fri Oct 11 2024,34.2,35.7,1,2,190.0,0.57,0.93,758,4
282,Fri Oct 11 2024,28.95,31.1,10,0,195.0,0.78,1.3,33,42
283,Fri Oct 11 2024,24.25,25.85,4,3,200.0,1.27,1.63,173,50
284,Fri Oct 11 2024,19.75,22.0,0,2,205.0,1.85,2.36,49,54
285,Fri Oct 11 2024,15.65,17.55,3,3,210.0,2.2,3.3,35,47
286,Fri Oct 11 2024,11.85,14.0,4,3,215.0,3.7,4.3,180,60
287,Fri Oct 11 2024,8.95,9.8,255,80,220.0,5.45,6.05,101,67
288,Fri Oct 11 2024,6.5,7.0,235,49,225.0,7.4,8.15,32,59
289,Fri Oct 11 2024,3.8,5.05,137,167,230.0,10.4,11.1,1,36
290,Fri Oct 11 2024,2.51,3.0,465,79,235.0,13.15,14.75,5,9
291,Fri Oct 11 2024,1.31,1.91,78,134,240.0,17.6,19.25,0,3
292,Fri Oct 11 2024,0.7,1.07,138,76,245.0,22.0,23.7,0,0
293,Fri Oct 11 2024,0.33,0.7,43,115,250.0,26.75,27.9,0,0
294,Fri Oct 11 2024,0.18,0.5,42,34,255.0,31.35,33.7,0,1
295,Fri Oct 11 2024,0.15,0.39,149,41,260.0,36.85,38.05,0,0
296,Fri Oct 11 2024,0.02,0.44,1,27,265.0,41.1,43.25,0,0
297,Fri Oct 11 2024,0.01,0.15,5,16,270.0,46.2,48.0,0,0
298,Fri Oct 11 2024,0.0,0.37,0,0,275.0,51.2,52.75,0,0
299,Fri Oct 11 2024,0.0,0.39,0,0,280.0,56.85,57.9,0,0
300,Fri Oct 11 2024,0.0,0.42,0,0,285.0,61.3,63.0,0,0
301,Fri Oct 11 2024,0.0,0.45,0,0,290.0,66.5,68.1,0,0
302,Fri Oct 11 2024,0.0,0.05,0,0,295.0,71.75,72.9,0,0
303,Fri Oct 11 2024,0.0,0.49,0,0,300.0,76.05,77.8,0,0
304,Fri Oct 18 2024,217.35,218.2,0,1,5.0,0.0,0.01,0,7
305,Fri Oct 18 2024,211.4,214.25,0,0,10.0,0.0,0.01,0,0
306,Fri Oct 18 2024,206.45,209.25,0,1,15.0,0.0,0.01,0,0
307,Fri Oct 18 2024,201.45,204.3,0,0,20.0,0.0,0.01,0,3
308,Fri Oct 18 2024,196.5,199.35,0,0,25.0,0.0,0.01,0,3
309,Fri Oct 18 2024,191.55,194.4,0,6,30.0,0.0,0.02,0,1
310,Fri Oct 18 2024,186.55,189.4,0,0,35.0,0.0,0.02,0,0
311,Fri Oct 18 2024,181.6,184.45,1,40,40.0,0.0,0.01,0,0
312,Fri Oct 18 2024,176.6,179.5,0,0,45.0,0.0,0.01,0,0
313,Fri Oct 18 2024,171.7,174.5,0,2,50.0,0.0,0.01,0,2
314,Fri Oct 18 2024,166.7,169.55,0,0,55.0,0.0,0.01,0,255
315,Fri Oct 18 2024,161.75,164.6,0,6,60.0,0.0,0.01,0,281
316,Fri Oct 18 2024,156.8,159.6,0,0,65.0,0.0,0.01,0,185
317,Fri Oct 18 2024,151.8,154.65,0,1,70.0,0.0,0.02,0,289
318,Fri Oct 18 2024,146.85,149.7,0,0,75.0,0.0,0.02,0,302
319,Fri Oct 18 2024,141.9,144.7,0,1,80.0,0.0,0.02,0,310
320,Fri Oct 18 2024,136.9,139.75,0,16,85.0,0.0,0.02,0,109
321,Fri Oct 18 2024,131.95,134.8,0,8,90.0,0.0,0.02,0,251
322,Fri Oct 18 2024,127.0,129.8,0,7,95.0,0.0,0.02,0,119
323,Fri Oct 18 2024,123.0,124.85,1,51,100.0,0.01,0.02,0,1963
324,Fri Oct 18 2024,118.05,118.8,0,9,105.0,0.0,0.02,1,273
325,Fri Oct 18 2024,113.1,114.8,0,431,110.0,0.0,0.03,0,775
326,Fri Oct 18 2024,108.15,109.85,0,44,115.0,0.01,0.03,3,180
327,Fri Oct 18 2024,103.2,103.9,0,98,120.0,0.01,0.04,3,363
328,Fri Oct 18 2024,98.25,100.05,53,145,125.0,0.02,0.04,1,3717
329,Fri Oct 18 2024,93.25,95.0,58,328,130.0,0.03,0.05,22,3126
330,Fri Oct 18 2024,88.3,90.15,8,84,135.0,0.04,0.06,28,5092
331,Fri Oct 18 2024,83.4,85.0,40,210,140.0,0.06,0.07,15,4461
332,Fri Oct 18 2024,78.45,80.25,15,79,145.0,0.07,0.09,11,6417
333,Fri Oct 18 2024,73.5,75.35,15,405,150.0,0.1,0.12,167,7766
334,Fri Oct 18 2024,68.55,70.25,18,439,155.0,0.14,0.16,66,2933
335,Fri Oct 18 2024,63.6,65.45,35,384,160.0,0.18,0.2,140,4411
336,Fri Oct 18 2024,58.7,60.5,1,574,165.0,0.24,0.26,84,4739
337,Fri Oct 18 2024,53.8,55.3,4,1824,170.0,0.31,0.34,84,11041
338,Fri Oct 18 2024,48.95,49.75,6,2299,175.0,0.4,0.43,213,11711
339,Fri Oct 18 2024,44.0,44.9,22,4239,180.0,0.53,0.56,394,11997
340,Fri Oct 18 2024,39.3,39.95,38,2798,185.0,0.69,0.73,238,9978
341,Fri Oct 18 2024,34.7,35.25,270,10783,190.0,0.92,0.96,1134,13073
342,Fri Oct 18 2024,30.15,30.6,26,3611,195.0,1.22,1.27,1773,10740
343,Fri Oct 18 2024,25.6,26.2,177,12698,200.0,1.66,1.72,5138,29846
344,Fri Oct 18 2024,21.25,21.6,52,7562,205.0,2.27,2.34,1331,11074
345,Fri Oct 18 2024,17.15,17.65,111,9271,210.0,3.15,3.2,2441,14365
346,Fri Oct 18 2024,13.55,13.7,3033,13929,215.0,4.3,4.4,3586,16805
347,Fri Oct 18 2024,10.15,10.3,1323,19479,220.0,5.95,6.05,8701,12173
348,Fri Oct 18 2024,7.3,7.45,2872,16263,225.0,8.05,8.2,2350,14160
349,Fri Oct 18 2024,5.0,5.1,7573,30197,230.0,10.8,11.0,938,11275
350,Fri Oct 18 2024,3.2,3.35,8019,35694,235.0,13.95,14.55,239,4712
351,Fri Oct 18 2024,2.01,2.08,4838,21795,240.0,18.05,18.55,65,1232
352,Fri Oct 18 2024,1.22,1.27,2052,12286,245.0,22.25,23.05,2,143
353,Fri Oct 18 2024,0.73,0.76,6867,41783,250.0,27.0,27.8,11,87
354,Fri Oct 18 2024,0.44,0.47,702,8865,255.0,31.0,32.7,6,5
355,Fri Oct 18 2024,0.28,0.3,181,3676,260.0,36.45,37.8,12,2
356,Fri Oct 18 2024,0.18,0.2,61,5605,265.0,41.95,42.8,0,0
357,Fri Oct 18 2024,0.12,0.14,83,4494,270.0,46.9,47.8,0,0
358,Fri Oct 18 2024,0.09,0.1,314,3031,275.0,51.0,52.8,0,0
359,Fri Oct 18 2024,0.06,0.08,2,2347,280.0,56.95,57.8,2,2
360,Fri Oct 18 2024,0.05,0.06,8,1297,285.0,61.0,62.8,2,0
361,Fri Oct 18 2024,0.03,0.05,114,1102,290.0,67.0,67.8,0,0
362,Fri Oct 18 2024,0.02,0.04,131,1078,295.0,71.0,72.8,1,1
363,Fri Oct 18 2024,0.02,0.04,121,4038,300.0,76.85,77.8,0,0
364,Fri Oct 18 2024,0.01,0.03,20,1818,310.0,86.95,87.8,0,0
365,Fri Oct 18 2024,0.0,0.03,4,1459,320.0,96.85,97.8,0,0
366,Fri Oct 18 2024,0.0,0.02,6,1605,330.0,106.95,107.8,0,0
367,Fri Oct 18 2024,0.0,0.02,1,589,340.0,116.85,117.8,0,0
368,Fri Oct 18 2024,0.0,0.02,0,450,350.0,126.0,127.8,0,0
369,Fri Oct 18 2024,0.0,0.02,0,2000,360.0,136.15,137.8,0,0
370,Fri Oct 18 2024,0.0,0.01,1,2165,370.0,146.95,147.8,0,0
371,Fri Nov 15 2024,217.4,218.25,0,0,5.0,0.0,0.01,0,51
372,Fri Nov 15 2024,212.45,213.3,0,0,10.0,0.0,0.01,0,0
373,Fri Nov 15 2024,206.5,209.35,0,0,15.0,0.0,0.01,0,1790
374,Fri Nov 15 2024,201.55,204.4,0,0,20.0,0.0,0.01,0,956
375,Fri Nov 15 2024,196.6,199.45,0,0,25.0,0.0,0.01,0,1
376,Fri Nov 15 2024,191.65,194.5,0,0,30.0,0.0,0.01,0,1
377,Fri Nov 15 2024,186.7,189.55,0,0,35.0,0.0,0.01,0,0
378,Fri Nov 15 2024,182.75,183.6,0,0,40.0,0.0,0.01,0,6
379,Fri Nov 15 2024,177.8,178.65,0,0,45.0,0.0,0.01,0,16
380,Fri Nov 15 2024,172.85,173.7,0,1,50.0,0.0,0.01,0,611
381,Fri Nov 15 2024,166.9,169.75,0,2,55.0,0.0,0.01,0,226
382,Fri Nov 15 2024,161.95,164.8,0,0,60.0,0.0,0.01,0,280
383,Fri Nov 15 2024,157.0,159.85,0,1,65.0,0.0,0.01,0,869
384,Fri Nov 15 2024,153.05,153.9,0,2,70.0,0.0,0.02,0,2528
385,Fri Nov 15 2024,148.1,148.95,0,11,75.0,0.01,0.02,0,422
386,Fri Nov 15 2024,142.15,145.0,0,8,80.0,0.0,0.03,0,420
387,Fri Nov 15 2024,137.2,140.0,0,9,85.0,0.01,0.03,200,1579
388,Fri Nov 15 2024,132.25,135.1,0,2,90.0,0.01,0.03,0,217
389,Fri Nov 15 2024,128.3,129.1,0,9,95.0,0.01,0.04,0,179
390,Fri Nov 15 2024,123.4,124.25,0,13,100.0,0.02,0.04,0,474
391,Fri Nov 15 2024,118.45,119.3,0,5,105.0,0.02,0.05,0,270
392,Fri Nov 15 2024,113.5,114.15,0,48,110.0,0.03,0.06,7,838
393,Fri Nov 15 2024,108.55,109.3,0,389,115.0,0.04,0.07,0,234
394,Fri Nov 15 2024,102.65,104.55,0,33,120.0,0.05,0.09,25,732
395,Fri Nov 15 2024,97.7,99.65,1,214,125.0,0.08,0.11,15,687
396,Fri Nov 15 2024,93.75,94.6,0,272,130.0,0.09,0.13,1,1642
397,Fri Nov 15 2024,88.8,90.5,0,725,135.0,0.12,0.15,0,1524
398,Fri Nov 15 2024,82.9,85.7,12,584,140.0,0.15,0.19,6,1015
399,Fri Nov 15 2024,79.0,79.85,130,699,145.0,0.2,0.23,28,796
400,Fri Nov 15 2024,73.1,74.75,6,463,150.0,0.25,0.29,86,2725
401,Fri Nov 15 2024,69.2,69.9,0,689,155.0,0.32,0.36,8,3167
402,Fri Nov 15 2024,63.4,65.1,16,1304,160.0,0.41,0.45,152,3312
403,Fri Nov 15 2024,59.5,60.1,0,1126,165.0,0.53,0.57,275,3747
404,Fri Nov 15 2024,54.7,55.45,6,2050,170.0,0.68,0.72,394,4871
405,Fri Nov 15 2024,49.95,50.7,9,1635,175.0,0.87,0.91,413,5232
406,Fri Nov 15 2024,45.3,47.0,18,4270,180.0,1.12,1.17,241,11705
407,Fri Nov 15 2024,40.85,41.35,22,3194,185.0,1.44,1.5,73,3198
408,Fri Nov 15 2024,34.6,36.8,11,4221,190.0,1.86,1.92,338,10609
409,Fri Nov 15 2024,31.85,32.45,60,8422,195.0,2.42,2.48,145,6179
410,Fri Nov 15 2024,27.5,28.05,102,14294,200.0,3.1,3.2,863,7197
411,Fri Nov 15 2024,23.4,24.05,19,5147,205.0,4.05,4.15,355,3883
412,Fri Nov 15 2024,19.75,20.25,110,4709,210.0,5.2,5.3,680,8725
413,Fri Nov 15 2024,16.1,16.75,192,5744,215.0,6.65,6.75,656,7373
414,Fri Nov 15 2024,13.35,13.4,1206,15295,220.0,8.4,8.55,726,4987
415,Fri Nov 15 2024,10.5,10.65,1128,9701,225.0,10.55,10.7,888,4293
416,Fri Nov 15 2024,8.1,8.2,935,13717,230.0,13.1,13.3,429,4338
417,Fri Nov 15 2024,6.0,6.15,1799,12940,235.0,16.1,16.5,388,1394
418,Fri Nov 15 2024,4.4,4.55,2488,17284,240.0,18.8,20.65,46,735
419,Fri Nov 15 2024,3.15,3.25,457,44137,245.0,23.15,24.0,7,268
420,Fri Nov 15 2024,2.22,2.29,1134,9345,250.0,27.4,28.3,8,350
421,Fri Nov 15 2024,1.54,1.61,218,13260,255.0,32.05,32.9,1,32
422,Fri Nov 15 2024,1.07,1.13,128,4021,260.0,36.85,37.8,0,2
423,Fri Nov 15 2024,0.74,0.79,47,1866,265.0,41.85,42.85,0,1
424,Fri Nov 15 2024,0.52,0.56,85,5712,270.0,46.9,47.8,0,0
425,Fri Nov 15 2024,0.37,0.41,8,2099,275.0,51.85,52.8,0,0
426,Fri Nov 15 2024,0.27,0.3,264,2685,280.0,55.6,57.75,0,0
427,Fri Nov 15 2024,0.2,0.23,24,1256,285.0,60.45,62.85,0,0
428,Fri Nov 15 2024,0.15,0.18,15,1053,290.0,66.9,67.85,0,0
429,Fri Nov 15 2024,0.11,0.14,5,764,295.0,71.85,72.85,0,0
430,Fri Nov 15 2024,0.1,0.11,336,5532,300.0,76.85,77.85,0,0
431,Fri Nov 15 2024,0.05,0.08,26,1040,310.0,86.85,87.85,0,0
432,Fri Nov 15 2024,0.05,0.06,5,2471,320.0,95.6,97.8,0,0
433,Fri Nov 15 2024,0.02,0.05,2,804,330.0,106.85,107.85,0,0
434,Fri Nov 15 2024,0.01,0.04,1,5779,340.0,116.85,117.85,0,0
435,Fri Nov 15 2024,0.02,0.04,577,1714,350.0,125.45,127.85,0,0
436,Fri Nov 15 2024,0.0,0.03,1,7825,360.0,136.85,137.85,0,0
437,Fri Nov 15 2024,0.01,0.03,15,8946,370.0,146.85,147.85,0,0
438,Fri Dec 20 2024,216.4,219.6,0,0,5.0,0.0,0.01,0,0
439,Fri Dec 20 2024,211.45,214.65,0,0,10.0,0.0,0.01,0,0
440,Fri Dec 20 2024,206.5,209.45,0,0,15.0,0.0,0.01,0,0
441,Fri Dec 20 2024,201.55,204.4,0,1,20.0,0.0,0.01,0,0
442,Fri Dec 20 2024,196.6,199.45,0,0,25.0,0.0,0.01,0,95
443,Fri Dec 20 2024,191.65,194.5,0,0,30.0,0.0,0.01,0,0
444,Fri Dec 20 2024,186.7,189.55,0,0,35.0,0.0,0.01,0,0
445,Fri Dec 20 2024,181.75,184.65,0,0,40.0,0.0,0.01,0,1
446,Fri Dec 20 2024,176.85,179.7,0,0,45.0,0.0,0.02,0,0
447,Fri Dec 20 2024,171.95,174.8,1,100,50.0,0.0,0.01,3,1886
448,Fri Dec 20 2024,167.0,169.85,0,124,55.0,0.01,0.03,0,162
449,Fri Dec 20 2024,162.1,164.95,0,109,60.0,0.01,0.03,0,526
450,Fri Dec 20 2024,157.15,160.05,0,196,65.0,0.01,0.04,0,1233
451,Fri Dec 20 2024,152.25,155.1,0,33,70.0,0.01,0.04,0,667
452,Fri Dec 20 2024,147.3,150.2,0,62,75.0,0.0,0.04,0,370
453,Fri Dec 20 2024,142.4,145.25,0,762,80.0,0.01,0.05,0,1278
454,Fri Dec 20 2024,137.5,140.35,0,218,85.0,0.02,0.05,0,1103
455,Fri Dec 20 2024,133.6,134.4,0,36,90.0,0.02,0.06,0,2997
456,Fri Dec 20 2024,128.7,130.55,0,172,95.0,0.03,0.07,0,1082
457,Fri Dec 20 2024,123.8,124.65,0,190,100.0,0.05,0.08,0,2182
458,Fri Dec 20 2024,117.85,120.6,0,71,105.0,0.06,0.09,0,713
459,Fri Dec 20 2024,114.0,115.65,0,331,110.0,0.07,0.11,50,1033
460,Fri Dec 20 2024,109.05,110.9,0,773,115.0,0.09,0.13,0,1703
461,Fri Dec 20 2024,104.15,105.95,0,256,120.0,0.11,0.15,0,6017
462,Fri Dec 20 2024,99.25,101.1,0,373,125.0,0.14,0.18,0,8468
463,Fri Dec 20 2024,93.35,95.15,0,791,130.0,0.17,0.21,0,6244
464,Fri Dec 20 2024,89.45,91.05,0,502,135.0,0.21,0.25,6,2595
465,Fri Dec 20 2024,84.65,86.25,0,3283,140.0,0.26,0.3,5,7046
466,Fri Dec 20 2024,79.75,80.5,0,310,145.0,0.33,0.37,14,3639
467,Fri Dec 20 2024,74.9,76.6,0,20282,150.0,0.4,0.45,14,8047
468,Fri Dec 20 2024,70.05,71.7,0,2216,155.0,0.51,0.55,1,3858
469,Fri Dec 20 2024,65.25,66.05,2,1061,160.0,0.63,0.67,22,11295
470,Fri Dec 20 2024,60.5,61.65,0,1652,165.0,0.79,0.83,3,9075
471,Fri Dec 20 2024,55.8,56.5,8,4486,170.0,0.99,1.04,57,8762
472,Fri Dec 20 2024,51.15,51.85,1,4733,175.0,1.24,1.3,268,10147
473,Fri Dec 20 2024,45.8,48.2,22,8918,180.0,1.58,1.63,105,17047
474,Fri Dec 20 2024,42.3,43.65,33,7952,185.0,1.98,2.06,55,11285
475,Fri Dec 20 2024,37.8,38.35,183,15079,190.0,2.51,2.59,104,25781
476,Fri Dec 20 2024,33.5,34.15,30,9826,195.0,3.2,3.3,28,7023
477,Fri Dec 20 2024,29.5,30.85,267,12645,200.0,4.0,4.15,3132,13893
478,Fri Dec 20 2024,25.65,26.95,47,4193,205.0,5.05,5.2,130,5320
479,Fri Dec 20 2024,21.75,22.4,279,8973,210.0,6.3,6.45,1642,15821
480,Fri Dec 20 2024,18.4,18.8,480,13658,215.0,7.85,7.95,302,5908
481,Fri Dec 20 2024,15.25,15.7,322,20744,220.0,9.65,9.8,2517,6653
482,Fri Dec 20 2024,12.55,12.75,712,11583,225.0,11.8,11.9,1082,4649
483,Fri Dec 20 2024,10.05,10.2,1126,18129,230.0,14.3,14.45,1131,3812
484,Fri Dec 20 2024,7.9,8.05,441,12389,235.0,16.05,17.7,69,1715
485,Fri Dec 20 2024,6.05,6.2,569,18645,240.0,20.5,20.9,1,467
486,Fri Dec 20 2024,4.6,4.7,743,6469,245.0,23.8,25.1,15,588
487,Fri Dec 20 2024,3.4,3.55,736,28488,250.0,27.95,28.75,9,988
488,Fri Dec 20 2024,2.52,2.6,161,8754,255.0,31.05,33.1,0,447
489,Fri Dec 20 2024,1.84,1.9,139,15825,260.0,36.9,37.85,3,28
490,Fri Dec 20 2024,1.34,1.41,116,1986,265.0,40.4,44.25,0,1
491,Fri Dec 20 2024,0.98,1.03,32,12742,270.0,46.9,49.25,0,0
492,Fri Dec 20 2024,0.72,0.77,68,13144,275.0,51.8,54.25,0,0
493,Fri Dec 20 2024,0.53,0.57,30,13094,280.0,55.45,57.8,0,0
494,Fri Dec 20 2024,0.4,0.44,21,12514,285.0,60.3,64.25,0,0
495,Fri Dec 20 2024,0.3,0.34,6,17054,290.0,65.35,69.25,0,0
496,Fri Dec 20 2024,0.23,0.27,13,2492,295.0,70.3,74.25,0,0
497,Fri Dec 20 2024,0.18,0.22,271,8772,300.0,75.35,79.25,0,0
498,Fri Dec 20 2024,0.14,0.18,3,1323,305.0,80.45,84.4,0,0
499,Fri Dec 20 2024,0.11,0.14,4,4121,310.0,85.45,89.35,0,0
500,Fri Dec 20 2024,0.07,0.1,33,1076,320.0,95.45,99.35,0,0
501,Fri Dec 20 2024,0.05,0.08,0,1126,330.0,105.45,109.35,0,0
502,Fri Dec 20 2024,0.04,0.07,310,721,340.0,115.45,119.35,0,0
503,Fri Dec 20 2024,0.04,0.05,4,6877,350.0,125.45,129.35,0,0
504,Fri Jan 17 2025,216.35,219.6,0,14,5.0,0.0,0.01,0,5110
505,Fri Jan 17 2025,211.4,214.65,0,0,10.0,0.0,0.01,0,273
506,Fri Jan 17 2025,206.5,209.5,0,2,15.0,0.0,0.01,0,151
507,Fri Jan 17 2025,201.6,204.55,0,51,20.0,0.0,0.01,0,1992
508,Fri Jan 17 2025,196.7,199.65,0,15,25.0,0.0,0.01,0,5130
509,Fri Jan 17 2025,191.75,194.75,0,4,30.0,0.0,0.03,0,1770
510,Fri Jan 17 2025,186.85,189.85,0,3,35.0,0.0,0.03,0,2794
511,Fri Jan 17 2025,181.95,185.15,0,3,40.0,0.0,0.01,0,464
512,Fri Jan 17 2025,177.05,180.05,0,22,45.0,0.01,0.04,0,22
513,Fri Jan 17 2025,172.15,174.95,0,1198,50.0,0.0,0.03,0,6472
514,Fri Jan 17 2025,167.25,170.15,0,1464,55.0,0.01,0.04,0,583
515,Fri Jan 17 2025,162.35,165.2,0,656,60.0,0.02,0.04,0,3994
516,Fri Jan 17 2025,157.45,160.35,0,579,65.0,0.03,0.05,0,908
517,Fri Jan 17 2025,152.55,155.4,0,1009,70.0,0.01,0.06,0,1375
518,Fri Jan 17 2025,147.65,150.55,0,1718,75.0,0.02,0.06,2,1966
519,Fri Jan 17 2025,142.75,145.65,0,376,80.0,0.03,0.07,0,2060
520,Fri Jan 17 2025,137.85,140.75,0,356,85.0,0.03,0.08,0,2850
521,Fri Jan 17 2025,133.0,135.85,0,676,90.0,0.04,0.09,0,32656
522,Fri Jan 17 2025,129.1,131.0,0,2599,95.0,0.05,0.1,0,5324
523,Fri Jan 17 2025,124.2,126.05,9,5100,100.0,0.09,0.11,10,16988
524,Fri Jan 17 2025,119.3,120.25,2,712,105.0,0.08,0.12,0,20990
525,Fri Jan 17 2025,114.45,115.35,0,1255,110.0,0.1,0.14,0,7504
526,Fri Jan 17 2025,108.5,110.45,0,991,115.0,0.12,0.16,0,5585
527,Fri Jan 17 2025,103.65,105.5,3,7867,120.0,0.15,0.19,2,12781
528,Fri Jan 17 2025,98.75,100.7,32,3586,125.0,0.18,0.22,0,19748
529,Fri Jan 17 2025,94.9,95.85,58,7233,130.0,0.22,0.26,5,21933
530,Fri Jan 17 2025,90.1,91.0,9,8683,135.0,0.27,0.31,125,18119
531,Fri Jan 17 2025,85.25,86.05,50,8428,140.0,0.33,0.37,300,19983
532,Fri Jan 17 2025,80.4,81.55,39,4245,145.0,0.42,0.46,1,14462
533,Fri Jan 17 2025,75.6,76.4,16,14526,150.0,0.51,0.56,66,15609
534,Fri Jan 17 2025,70.8,72.7,20,4399,155.0,0.64,0.68,36,12953
535,Fri Jan 17 2025,66.05,66.9,44,9805,160.0,0.79,0.84,385,28074
536,Fri Jan 17 2025,60.35,63.15,7,11401,165.0,0.98,1.04,75,20454
537,Fri Jan 17 2025,56.7,57.55,12,11413,170.0,1.23,1.29,92,42440
538,Fri Jan 17 2025,52.35,52.85,11,7970,175.0,1.53,1.6,1843,26828
539,Fri Jan 17 2025,47.85,48.35,127,26566,180.0,1.92,1.98,1504,64254
540,Fri Jan 17 2025,42.45,44.8,16,18471,185.0,2.41,2.47,5522,29114
541,Fri Jan 17 2025,39.05,39.65,42,57763,190.0,3.0,3.1,1559,40822
542,Fri Jan 17 2025,34.8,35.45,111,21969,195.0,3.75,3.85,146,22248
543,Fri Jan 17 2025,30.75,31.45,364,57675,200.0,4.65,4.75,572,41284
544,Fri Jan 17 2025,26.05,28.45,29,20014,205.0,5.75,5.85,796,14652
545,Fri Jan 17 2025,23.4,24.05,240,24862,210.0,7.05,7.2,1159,11495
546,Fri Jan 17 2025,19.9,20.6,164,18884,215.0,8.65,8.75,131,11006
547,Fri Jan 17 2025,16.85,17.45,196,31810,220.0,10.5,10.6,317,10542
548,Fri Jan 17 2025,14.1,14.3,822,22982,225.0,12.6,12.75,1561,6886
549,Fri Jan 17 2025,11.6,11.75,984,21671,230.0,15.05,15.2,812,6702
550,Fri Jan 17 2025,9.35,9.5,665,26548,235.0,17.65,18.35,119,4828
551,Fri Jan 17 2025,7.4,7.55,1789,34865,240.0,20.75,22.4,84,2128
552,Fri Jan 17 2025,5.8,5.95,711,16785,245.0,24.35,25.05,6,372
553,Fri Jan 17 2025,4.45,4.6,2719,88017,250.0,28.55,29.6,13,2928
554,Fri Jan 17 2025,3.4,3.55,818,35912,255.0,32.5,33.4,17,203
555,Fri Jan 17 2025,2.57,2.67,400,45123,260.0,37.1,38.0,0,30
556,Fri Jan 17 2025,1.93,2.02,14,44289,265.0,40.4,44.3,0,10
557,Fri Jan 17 2025,1.45,1.53,361,32018,270.0,45.45,47.85,1,2
558,Fri Jan 17 2025,1.11,1.16,1757,17234,275.0,50.3,54.25,0,0
559,Fri Jan 17 2025,0.86,0.89,342,14432,280.0,56.75,59.25,0,0
560,Fri Jan 17 2025,0.64,0.69,111,11285,285.0,60.3,64.25,0,0
561,Fri Jan 17 2025,0.49,0.54,23,10529,290.0,65.45,69.25,0,0
562,Fri Jan 17 2025,0.38,0.43,105,105,295.0,71.75,74.25,0,0
563,Fri Jan 17 2025,0.32,0.35,346,55866,300.0,75.45,79.25,0,0
564,Fri Jan 17 2025,0.24,0.28,37,85,305.0,81.95,84.25,0,0
565,Fri Jan 17 2025,0.2,0.23,70,20721,310.0,85.45,89.25,0,0
566,Fri Jan 17 2025,0.16,0.2,0,200,315.0,91.75,94.25,0,0
567,Fri Jan 17 2025,0.14,0.17,22,16699,320.0,95.65,99.3,0,0
568,Fri Jan 17 2025,0.11,0.14,0,5,325.0,101.95,104.4,0,0
569,Fri Jan 17 2025,0.1,0.13,2,258,330.0,105.45,109.25,0,0
570,Fri Jan 17 2025,0.07,0.11,0,0,335.0,111.75,114.4,0,0
571,Fri Jan 17 2025,0.06,0.1,0,5962,340.0,115.45,119.3,0,0
572,Fri Jan 17 2025,0.05,0.09,1,10,345.0,121.75,124.4,0,0
573,Fri Jan 17 2025,0.04,0.07,232,4022,350.0,125.45,129.3,0,0
574,Fri Jan 17 2025,0.03,0.07,0,100,355.0,131.95,134.4,0,0
575,Fri Jan 17 2025,0.03,0.07,0,1,360.0,136.75,137.9,0,0
576,Fri Jan 17 2025,0.04,0.06,0,22,365.0,140.5,144.4,0,0
577,Fri Jan 17 2025,0.04,0.06,0,4,370.0,145.5,149.3,0,0
578,Fri Jan 17 2025,0.04,0.05,0,18,375.0,151.85,154.4,0,0
579,Fri Jan 17 2025,0.02,0.04,4,891,380.0,156.75,159.3,0,0
580,Fri Feb 21 2025,124.45,126.45,0,0,100.0,0.12,0.17,2,13
581,Fri Feb 21 2025,119.6,121.55,1,1,105.0,0.15,0.2,0,10
582,Fri Feb 21 2025,114.75,115.6,0,0,110.0,0.18,0.23,0,3
583,Fri Feb 21 2025,109.9,110.75,0,1,115.0,0.22,0.27,4,0
584,Fri Feb 21 2025,105.05,105.9,0,0,120.0,0.27,0.32,0,1
585,Fri Feb 21 2025,100.2,101.05,0,1,125.0,0.32,0.38,1,5
586,Fri Feb 21 2025,95.4,96.35,0,1,130.0,0.39,0.45,0,33
587,Fri Feb 21 2025,90.55,92.4,0,0,135.0,0.47,0.53,0,26
588,Fri Feb 21 2025,85.8,88.1,0,0,140.0,0.56,0.62,254,3
589,Fri Feb 21 2025,81.0,83.3,0,0,145.0,0.68,0.74,256,147
590,Fri Feb 21 2025,76.25,77.2,7,6,150.0,0.83,0.88,0,70
591,Fri Feb 21 2025,71.55,73.5,0,1,155.0,1.0,1.06,10,21
592,Fri Feb 21 2025,65.9,67.75,0,2,160.0,1.2,1.27,0,360
593,Fri Feb 21 2025,62.45,63.15,1,10,165.0,1.45,1.53,7,378
594,Fri Feb 21 2025,57.7,58.55,1,15,170.0,1.76,1.84,2,71
595,Fri Feb 21 2025,53.2,54.0,0,14,175.0,2.14,2.23,12,15
596,Fri Feb 21 2025,48.8,49.65,4,72,180.0,2.61,2.7,2,595
597,Fri Feb 21 2025,44.5,45.3,2,6,185.0,3.15,3.3,27,73
598,Fri Feb 21 2025,40.3,41.2,21,182,190.0,3.85,4.0,2,131
599,Fri Feb 21 2025,36.3,37.05,106,59,195.0,4.75,4.9,25,2059
600,Fri Feb 21 2025,32.4,33.15,60,133,200.0,5.75,5.95,1916,1657
601,Fri Feb 21 2025,28.75,29.5,17,42,205.0,6.95,7.15,94,1335
602,Fri Feb 21 2025,25.2,26.6,13,551,210.0,8.4,8.55,139,1850
603,Fri Feb 21 2025,21.95,23.0,15,157,215.0,10.05,10.2,52,977
604,Fri Feb 21 2025,18.6,19.85,174,718,220.0,11.9,12.1,94,527
605,Fri Feb 21 2025,16.35,16.6,592,1678,225.0,14.05,14.25,110,679
606,Fri Feb 21 2025,13.75,14.0,54,691,230.0,16.5,16.7,62,275
607,Fri Feb 21 2025,11.45,11.65,86,1144,235.0,19.2,19.45,9,121
608,Fri Feb 21 2025,9.45,9.65,45,763,240.0,21.7,24.3,1,44
609,Fri Feb 21 2025,7.7,7.9,11,296,245.0,25.3,26.3,0,148
610,Fri Feb 21 2025,6.2,6.4,53,465,250.0,27.5,30.0,0,11
611,Fri Feb 21 2025,4.95,5.15,32,384,255.0,33.15,34.05,0,6
612,Fri Feb 21 2025,3.95,4.1,197,1741,260.0,37.5,38.4,0,1
613,Fri Feb 21 2025,3.1,3.25,35,2379,265.0,42.0,43.0,0,0
614,Fri Feb 21 2025,2.45,2.57,10,247,270.0,45.35,49.25,0,0
615,Fri Feb 21 2025,1.92,2.03,36,66,275.0,50.3,54.25,0,0
616,Fri Feb 21 2025,1.52,1.61,15,145,280.0,55.5,58.0,0,0
617,Fri Feb 21 2025,1.22,1.28,48,50,285.0,60.5,64.4,0,0
618,Fri Feb 21 2025,0.97,1.03,7,92,290.0,65.45,68.0,0,0
619,Fri Feb 21 2025,0.76,0.83,0,44,295.0,70.45,73.0,0,0
620,Fri Feb 21 2025,0.62,0.68,11,198,300.0,77.0,78.0,0,0
621,Fri Feb 21 2025,0.5,0.56,3,7,305.0,80.45,84.4,0,0
622,Fri Feb 21 2025,0.41,0.47,0,123,310.0,85.45,88.0,0,0
623,Fri Feb 21 2025,0.34,0.4,1,4,315.0,91.95,93.0,0,0
624,Fri Feb 21 2025,0.29,0.34,0,102,320.0,95.45,98.0,0,0
625,Fri Feb 21 2025,0.24,0.3,0,1,325.0,101.75,103.0,0,0
626,Fri Feb 21 2025,0.21,0.25,1,12,330.0,105.45,108.0,0,0
627,Fri Feb 21 2025,0.18,0.22,1,1,335.0,110.45,113.0,0,0
628,Fri Feb 21 2025,0.15,0.2,0,2,340.0,116.9,118.0,0,0
629,Fri Feb 21 2025,0.13,0.18,0,0,345.0,121.7,123.0,0,0
630,Fri Feb 21 2025,0.11,0.16,0,0,350.0,125.45,128.0,0,0
631,Fri Feb 21 2025,0.1,0.14,0,0,355.0,131.9,133.0,0,0
632,Fri Feb 21 2025,0.09,0.13,0,8,360.0,135.3,139.25,0,0
633,Fri Feb 21 2025,0.08,0.12,0,400,365.0,140.45,143.0,0,0
634,Fri Feb 21 2025,0.07,0.11,0,0,370.0,146.7,148.0,0,0
635,Fri Feb 21 2025,0.06,0.1,0,900,375.0,150.5,154.4,0,0
636,Fri Feb 21 2025,0.05,0.1,0,204,380.0,156.7,159.4,0,0
637,Fri Mar 21 2025,215.65,219.6,0,0,5.0,0.0,0.03,0,5030
638,Fri Mar 21 2025,210.7,214.65,0,0,10.0,0.0,0.03,1,0
639,Fri Mar 21 2025,205.75,209.7,0,0,15.0,0.0,0.03,2,10
640,Fri Mar 21 2025,200.85,204.8,0,0,20.0,0.0,0.03,2,515
641,Fri Mar 21 2025,196.0,199.9,0,0,25.0,0.0,0.03,0,9
642,Fri Mar 21 2025,191.1,195.0,0,0,30.0,0.0,0.04,0,1
643,Fri Mar 21 2025,186.2,190.15,0,0,35.0,0.0,0.04,1,2
644,Fri Mar 21 2025,182.0,185.25,0,1,40.0,0.0,0.04,0,0
645,Fri Mar 21 2025,177.2,180.15,0,0,45.0,0.0,0.04,0,0
646,Fri Mar 21 2025,172.3,175.25,0,93,50.0,0.02,0.05,0,640
647,Fri Mar 21 2025,167.45,170.8,0,2,55.0,0.01,0.05,0,865
648,Fri Mar 21 2025,162.6,165.55,0,10,60.0,0.01,0.07,0,382
649,Fri Mar 21 2025,157.75,160.7,0,25,65.0,0.03,0.08,0,257
650,Fri Mar 21 2025,152.9,156.25,0,128,70.0,0.04,0.09,0,245
651,Fri Mar 21 2025,148.0,151.35,0,11,75.0,0.05,0.11,0,259
652,Fri Mar 21 2025,143.15,146.15,0,15,80.0,0.07,0.13,0,236
653,Fri Mar 21 2025,139.3,141.3,0,192,85.0,0.09,0.15,0,60
654,Fri Mar 21 2025,133.45,136.7,0,93,90.0,0.12,0.17,0,57
655,Fri Mar 21 2025,128.65,131.85,0,10,95.0,0.14,0.19,0,1013
656,Fri Mar 21 2025,124.8,126.85,0,327,100.0,0.17,0.22,32,1443
657,Fri Mar 21 2025,119.95,121.9,0,143,105.0,0.19,0.25,0,116
658,Fri Mar 21 2025,115.15,117.05,0,196,110.0,0.24,0.29,0,802
659,Fri Mar 21 2025,109.3,111.25,0,49,115.0,0.28,0.32,200,5054
660,Fri Mar 21 2025,104.5,106.45,0,95,120.0,0.34,0.38,20,1933
661,Fri Mar 21 2025,100.7,102.1,0,161,125.0,0.4,0.44,2,1803
662,Fri Mar 21 2025,95.9,97.9,0,597,130.0,0.48,0.53,8,5163
663,Fri Mar 21 2025,90.15,93.45,10,87,135.0,0.57,0.62,6,3123
664,Fri Mar 21 2025,86.4,88.35,0,528,140.0,0.7,0.74,82,2374
665,Fri Mar 21 2025,81.65,82.95,0,113,145.0,0.83,0.89,512,4508
666,Fri Mar 21 2025,76.95,79.05,2,1836,150.0,1.0,1.06,302,9978
667,Fri Mar 21 2025,71.3,74.4,0,2474,155.0,1.21,1.26,78,6562
668,Fri Mar 21 2025,67.7,68.55,4,3608,160.0,1.44,1.51,22,5228
669,Fri Mar 21 2025,63.25,63.95,3,974,165.0,1.72,1.81,1,9272
670,Fri Mar 21 2025,58.9,60.2,11,1872,170.0,2.07,2.17,506,11864
671,Fri Mar 21 2025,54.35,55.0,1,1532,175.0,2.51,2.62,1258,4995
672,Fri Mar 21 2025,49.1,51.55,6,3961,180.0,3.05,3.15,134,15851
673,Fri Mar 21 2025,45.65,46.3,0,7832,185.0,3.65,3.8,22,5124
674,Fri Mar 21 2025,41.65,42.15,16,6674,190.0,4.45,4.6,546,7031
675,Fri Mar 21 2025,37.65,38.1,105,7185,195.0,5.35,5.5,6,3899
676,Fri Mar 21 2025,32.2,34.55,178,10829,200.0,6.4,6.6,348,6195
677,Fri Mar 21 2025,29.2,31.75,51,8672,205.0,7.65,7.85,114,9602
678,Fri Mar 21 2025,26.65,27.5,69,9012,210.0,9.15,9.35,2288,5767
679,Fri Mar 21 2025,23.35,24.0,72,3032,215.0,10.8,11.0,572,2091
680,Fri Mar 21 2025,20.3,21.1,156,7413,220.0,12.65,12.9,151,5063
681,Fri Mar 21 2025,17.75,18.0,149,7498,225.0,14.75,15.05,83,1795
682,Fri Mar 21 2025,15.15,15.4,303,8141,230.0,17.2,17.5,111,1175
683,Fri Mar 21 2025,12.85,13.1,197,8468,235.0,19.9,20.2,7,963
684,Fri Mar 21 2025,10.75,11.0,101,3753,240.0,22.25,23.55,0,250
685,Fri Mar 21 2025,8.95,9.15,561,3186,245.0,25.0,26.9,16,258
686,Fri Mar 21 2025,7.4,7.6,1064,16134,250.0,28.4,30.55,2,216
687,Fri Mar 21 2025,4.9,5.1,2039,10965,260.0,37.65,38.7,0,19
688,Fri Mar 21 2025,3.2,3.35,515,7473,270.0,47.0,49.35,0,6
689,Fri Mar 21 2025,2.09,2.18,67,2250,280.0,55.3,58.0,0,0
690,Fri Mar 21 2025,1.36,1.45,10,2588,290.0,65.35,69.25,0,1
691,Fri Mar 21 2025,0.93,0.98,47,2280,300.0,75.3,79.25,0,2
692,Fri Mar 21 2025,0.63,0.69,146,17241,310.0,85.35,87.85,0,0
693,Fri Mar 21 2025,0.44,0.51,1,5203,320.0,95.3,99.25,0,0
694,Fri Mar 21 2025,0.33,0.37,90,1037,330.0,106.85,109.4,0,0
695,Fri Mar 21 2025,0.24,0.29,0,1138,340.0,115.3,119.25,0,0
696,Fri Mar 21 2025,0.18,0.24,0,2749,350.0,125.45,129.4,0,0
697,Fri Mar 21 2025,0.14,0.2,0,1458,360.0,135.45,139.4,0,0
698,Fri Mar 21 2025,0.11,0.17,0,1058,370.0,146.65,149.25,0,0
699,Fri Mar 21 2025,0.1,0.14,18,13378,380.0,155.45,159.4,0,0
700,Thu Apr 17 2025,115.5,116.5,0,0,110.0,0.25,0.42,0,22
701,Thu Apr 17 2025,110.7,111.6,0,0,115.0,0.31,0.48,0,0
702,Thu Apr 17 2025,105.9,106.9,0,0,120.0,0.37,0.55,0,0
703,Thu Apr 17 2025,101.15,102.25,0,0,125.0,0.46,0.64,0,0
704,Thu Apr 17 2025,96.4,98.4,0,0,130.0,0.55,0.73,1,5
705,Thu Apr 17 2025,91.65,93.75,0,0,135.0,0.67,0.86,0,6
706,Thu Apr 17 2025,86.9,89.05,0,0,140.0,0.8,1.0,0,3
707,Thu Apr 17 2025,82.2,84.3,0,0,145.0,0.97,1.16,0,9
708,Thu Apr 17 2025,77.6,79.7,0,10,150.0,1.16,1.36,1,37
709,Thu Apr 17 2025,72.9,74.0,0,1,155.0,1.42,1.61,5,13
710,Thu Apr 17 2025,68.35,69.45,0,2,160.0,1.61,1.86,153,168
711,Thu Apr 17 2025,63.8,64.85,0,1,165.0,1.94,2.23,0,17
712,Thu Apr 17 2025,59.35,60.45,0,1,170.0,2.41,2.64,0,2
713,Thu Apr 17 2025,55.2,56.05,0,3,175.0,2.8,3.1,0,0
714,Thu Apr 17 2025,50.7,51.75,0,10,180.0,3.45,3.75,0,313
715,Thu Apr 17 2025,46.55,47.55,11,9,185.0,4.15,4.4,0,16
716,Thu Apr 17 2025,42.5,43.55,2,30,190.0,4.85,5.25,4,115
717,Thu Apr 17 2025,38.65,39.55,3,185,195.0,5.8,6.2,10,88
718,Thu Apr 17 2025,34.15,35.8,3,28,200.0,7.0,7.35,191,206
719,Thu Apr 17 2025,31.35,32.8,6,10,205.0,8.25,8.65,74,364
720,Thu Apr 17 2025,27.85,28.75,1,31,210.0,9.75,10.05,7,600
721,Thu Apr 17 2025,24.85,25.45,0,23,215.0,11.4,11.8,50,410
722,Thu Apr 17 2025,21.55,22.65,34,37,220.0,13.4,13.7,33,187
723,Thu Apr 17 2025,19.0,19.6,10,66,225.0,15.45,15.9,0,112
724,Thu Apr 17 2025,16.35,16.85,10,103,230.0,17.9,18.35,0,69
725,Thu Apr 17 2025,14.0,14.45,34,231,235.0,20.6,21.05,1,115
726,Thu Apr 17 2025,11.9,12.35,1,318,240.0,22.9,24.3,1,6
727,Thu Apr 17 2025,9.95,10.45,4,98,245.0,25.05,27.6,0,51
728,Thu Apr 17 2025,8.45,8.8,23,214,250.0,28.5,31.15,2,2
729,Thu Apr 17 2025,7.05,7.4,6,422,255.0,33.8,34.95,0,0
730,Thu Apr 17 2025,5.8,6.2,35,646,260.0,38.3,39.1,0,0
731,Thu Apr 17 2025,4.8,5.1,4,327,265.0,42.4,43.4,0,0
732,Thu Apr 17 2025,3.8,4.25,0,169,270.0,47.15,48.1,0,0
733,Thu Apr 17 2025,3.25,3.55,0,89,275.0,50.35,53.05,0,0
734,Thu Apr 17 2025,2.59,2.89,0,3,280.0,55.3,59.25,0,0
735,Thu Apr 17 2025,2.11,2.4,0,8,285.0,60.3,64.25,0,0
736,Thu Apr 17 2025,1.67,2.03,2,25,290.0,65.45,69.4,0,0
737,Thu Apr 17 2025,1.36,1.68,0,11,295.0,71.9,74.25,0,0
738,Thu Apr 17 2025,1.11,1.42,0,55,300.0,76.75,78.15,0,0
739,Thu Apr 17 2025,1.01,1.15,2,59,305.0,81.8,83.05,0,0
740,Thu Apr 17 2025,0.74,0.98,0,56,310.0,85.45,89.25,0,0
741,Thu Apr 17 2025,0.65,0.84,0,1,315.0,91.85,94.25,0,0
742,Thu Apr 17 2025,0.54,0.74,0,3,320.0,95.45,99.25,0,0
743,Thu Apr 17 2025,0.45,0.65,0,2,325.0,100.45,104.4,0,0
744,Thu Apr 17 2025,0.38,0.57,0,1,330.0,105.45,109.4,0,0
745,Thu Apr 17 2025,0.32,0.51,1,426,335.0,110.45,114.25,0,0
746,Thu Apr 17 2025,0.27,0.45,0,2,340.0,115.45,119.25,0,0
747,Fri Jun 20 2025,215.8,219.7,0,870,5.0,0.0,0.04,0,0
748,Fri Jun 20 2025,210.7,214.65,0,0,10.0,0.0,0.04,1,3
749,Fri Jun 20 2025,205.8,209.7,0,0,15.0,0.0,0.04,0,3
750,Fri Jun 20 2025,200.85,204.8,0,0,20.0,0.0,0.04,0,2
751,Fri Jun 20 2025,196.0,199.95,0,0,25.0,0.0,0.05,1,2
752,Fri Jun 20 2025,191.2,195.1,0,0,30.0,0.0,0.05,0,0
753,Fri Jun 20 2025,186.35,190.3,0,0,35.0,0.0,0.06,0,0
754,Fri Jun 20 2025,181.55,185.45,0,0,40.0,0.0,0.07,0,7
755,Fri Jun 20 2025,176.9,180.6,0,0,45.0,0.01,0.09,0,0
756,Fri Jun 20 2025,172.05,175.9,0,2155,50.0,0.03,0.1,0,2225
757,Fri Jun 20 2025,167.25,171.1,0,435,55.0,0.04,0.12,0,441
758,Fri Jun 20 2025,162.45,166.35,0,399,60.0,0.06,0.14,0,361
759,Fri Jun 20 2025,157.65,161.4,0,212,65.0,0.08,0.16,0,307
760,Fri Jun 20 2025,154.15,156.55,0,323,70.0,0.1,0.18,0,985
761,Fri Jun 20 2025,149.2,151.05,0,269,75.0,0.13,0.2,1,2079
762,Fri Jun 20 2025,143.7,146.05,0,309,80.0,0.15,0.23,0,1508
763,Fri Jun 20 2025,139.6,141.5,0,715,85.0,0.18,0.26,1,2413
764,Fri Jun 20 2025,134.2,136.45,0,451,90.0,0.22,0.3,0,391
765,Fri Jun 20 2025,130.2,131.7,0,3812,95.0,0.26,0.34,322,896
766,Fri Jun 20 2025,124.15,127.3,1,286,100.0,0.3,0.35,0,2125
767,Fri Jun 20 2025,120.7,123.05,0,208,105.0,0.36,0.41,2,2162
768,Fri Jun 20 2025,115.8,117.3,0,333,110.0,0.43,0.48,0,1615
769,Fri Jun 20 2025,111.2,113.45,0,390,115.0,0.52,0.57,0,1929
770,Fri Jun 20 2025,106.5,108.75,0,1331,120.0,0.61,0.66,0,2354
771,Fri Jun 20 2025,101.75,104.0,0,455,125.0,0.73,0.8,0,3499
772,Fri Jun 20 2025,97.05,99.3,0,678,130.0,0.87,0.94,1,4881
773,Fri Jun 20 2025,92.35,93.8,0,570,135.0,1.04,1.12,10,3420
774,Fri Jun 20 2025,87.95,90.25,0,907,140.0,1.24,1.33,52,5162
775,Fri Jun 20 2025,83.2,85.35,0,548,145.0,1.46,1.57,0,4205
776,Fri Jun 20 2025,79.1,80.8,0,1379,150.0,1.72,1.83,313,10226
777,Fri Jun 20 2025,74.35,75.25,0,1008,155.0,2.05,2.17,1,5807
778,Fri Jun 20 2025,70.0,70.95,16,3031,160.0,2.43,2.55,80,8115
779,Fri Jun 20 2025,65.85,66.5,1,1212,165.0,2.87,3.05,7,10836
780,Fri Jun 20 2025,61.45,62.2,30,2726,170.0,3.35,3.55,39,10827
781,Fri Jun 20 2025,57.3,57.95,1,2040,175.0,3.95,4.2,40,7091
782,Fri Jun 20 2025,53.2,53.85,25,5701,180.0,4.65,4.9,33,17954
783,Fri Jun 20 2025,49.15,49.7,6,2822,185.0,5.5,5.7,383,7284
784,Fri Jun 20 2025,45.25,46.0,8,7146,190.0,6.5,6.65,371,16452
785,Fri Jun 20 2025,41.45,42.05,17,3482,195.0,7.5,7.75,5,4375
786,Fri Jun 20 2025,37.85,38.65,37,7658,200.0,8.75,8.95,215,11088
787,Fri Jun 20 2025,34.35,34.95,14,6215,205.0,10.15,10.35,1,4672
788,Fri Jun 20 2025,30.85,31.8,42,6798,210.0,11.7,11.95,2,14915
789,Fri Jun 20 2025,27.85,28.5,32,9706,215.0,13.45,13.65,14,1885
790,Fri Jun 20 2025,24.9,25.5,115,9088,220.0,15.25,15.6,23,2699
791,Fri Jun 20 2025,22.25,22.65,41,4524,225.0,17.45,17.75,85,5420
792,Fri Jun 20 2025,19.65,19.95,56,9145,230.0,19.9,20.15,394,2625
793,Fri Jun 20 2025,17.25,17.55,93,11250,235.0,22.4,22.75,0,1072
794,Fri Jun 20 2025,15.05,15.55,16,13151,240.0,25.35,25.65,0,845
795,Fri Jun 20 2025,13.1,13.4,9,5857,245.0,27.65,29.05,0,1199
796,Fri Jun 20 2025,11.35,11.6,799,16300,250.0,31.8,32.55,212,229
797,Fri Jun 20 2025,8.35,8.6,86,11083,260.0,39.1,40.05,0,132
798,Fri Jun 20 2025,6.05,6.3,105,9653,270.0,47.75,48.35,0,475
799,Fri Jun 20 2025,4.35,4.55,173,8280,280.0,55.7,59.25,0,0
800,Fri Jun 20 2025,3.15,3.3,26,2279,290.0,65.75,69.4,0,0
801,Fri Jun 20 2025,2.27,2.39,93,9445,300.0,75.65,79.4,0,0
802,Fri Jun 20 2025,1.66,1.75,7,3427,310.0,85.95,89.25,0,0
803,Fri Jun 20 2025,1.22,1.29,19,5926,320.0,95.65,99.2,0,1
804,Fri Jun 20 2025,0.91,0.99,0,323,330.0,106.2,109.35,0,0
805,Fri Jun 20 2025,0.69,0.77,5,767,340.0,115.55,119.1,0,0
806,Fri Jun 20 2025,0.53,0.62,40,563,350.0,125.65,128.5,0,0
807,Fri Aug 15 2025,121.25,123.65,0,1,105.0,0.37,0.61,0,414
808,Fri Aug 15 2025,116.55,118.45,0,138,110.0,0.4,0.81,0,21
809,Fri Aug 15 2025,111.85,114.0,0,1,115.0,0.47,0.96,0,12
810,Fri Aug 15 2025,107.15,109.1,0,1,120.0,0.68,0.97,1,757
811,Fri Aug 15 2025,101.8,104.75,0,1,125.0,0.66,1.32,0,10
812,Fri Aug 15 2025,97.7,99.25,0,3,130.0,0.84,1.5,0,2
813,Fri Aug 15 2025,93.15,94.95,0,0,135.0,0.99,1.78,0,25
814,Fri Aug 15 2025,88.9,90.55,0,0,140.0,1.42,1.83,1,22
815,Fri Aug 15 2025,84.05,86.7,0,0,145.0,1.67,2.28,0,10
816,Fri Aug 15 2025,79.65,82.15,0,56,150.0,1.92,2.41,1,201
817,Fri Aug 15 2025,74.9,76.75,0,5,155.0,2.48,2.73,0,189
818,Fri Aug 15 2025,70.9,72.7,0,23,160.0,2.67,3.4,0,42
819,Fri Aug 15 2025,67.1,68.0,1,0,165.0,3.05,4.15,15,103
820,Fri Aug 15 2025,62.4,64.35,0,28,170.0,4.1,4.6,9,10
821,Fri Aug 15 2025,57.85,59.85,0,2,175.0,4.5,5.35,59,69
822,Fri Aug 15 2025,54.0,55.85,1,12,180.0,5.4,6.05,0,610
823,Fri Aug 15 2025,49.7,52.2,0,16,185.0,5.65,7.45,0,107
824,Fri Aug 15 2025,45.95,49.15,0,14,190.0,7.0,8.1,1,26
825,Fri Aug 15 2025,42.9,44.25,20,131,195.0,8.05,9.0,12,24
826,Fri Aug 15 2025,39.5,41.45,27,64,200.0,9.5,10.25,13,241
827,Fri Aug 15 2025,35.95,38.05,0,45,205.0,11.15,11.75,21,239
828,Fri Aug 15 2025,32.45,33.9,4,128,210.0,12.65,13.35,26,392
829,Fri Aug 15 2025,29.25,31.2,1,67,215.0,14.4,15.15,96,286
830,Fri Aug 15 2025,26.4,27.8,21,86,220.0,16.2,17.15,22,461
831,Fri Aug 15 2025,24.4,25.5,19,3060,225.0,18.75,19.3,20,1111
832,Fri Aug 15 2025,21.8,22.6,35,2149,230.0,20.4,21.7,1,40
833,Fri Aug 15 2025,19.3,20.5,29,530,235.0,22.75,24.55,0,189
834,Fri Aug 15 2025,17.15,18.25,29,281,240.0,25.6,27.6,0,113
835,Fri Aug 15 2025,15.15,16.3,1,2147,245.0,29.5,30.45,0,2
836,Fri Aug 15 2025,13.35,14.35,20,302,250.0,32.6,33.8,0,1
837,Fri Aug 15 2025,11.4,13.0,38,94,255.0,35.35,38.0,0,0
838,Fri Aug 15 2025,10.05,11.0,28,6663,260.0,38.7,41.45,0,1
839,Fri Aug 15 2025,8.45,9.85,2,220,265.0,43.4,44.95,0,0
840,Fri Aug 15 2025,7.85,8.5,10,98,270.0,48.05,49.95,0,142
841,Fri Aug 15 2025,6.55,8.0,0,48,275.0,52.4,53.55,0,1
842,Fri Aug 15 2025,5.4,6.2,18,73,280.0,56.4,59.15,0,0
843,Fri Aug 15 2025,5.1,6.25,0,57,285.0,61.55,64.25,0,0
844,Fri Aug 15 2025,4.3,4.95,0,40,290.0,65.45,69.4,0,0
845,Fri Aug 15 2025,3.8,4.35,0,5,295.0,71.1,73.4,0,0
846,Fri Aug 15 2025,3.05,3.9,1,268,300.0,75.45,79.4,0,0
847,Fri Aug 15 2025,2.85,3.85,0,24,305.0,80.6,84.1,0,0
848,Fri Aug 15 2025,2.47,2.81,1,8,310.0,85.9,89.05,0,0
849,Fri Aug 15 2025,1.93,2.54,0,3,315.0,90.3,94.1,0,0
850,Fri Aug 15 2025,1.63,2.4,0,7,320.0,95.3,99.15,0,0
851,Fri Aug 15 2025,1.38,2.42,0,13,325.0,100.45,103.3,0,0
852,Fri Aug 15 2025,1.32,1.82,0,11,330.0,105.45,109.3,0,0
853,Fri Aug 15 2025,1.07,1.31,1,12,340.0,115.45,119.25,0,0
854,Fri Sep 19 2025,215.65,219.6,0,0,5.0,0.0,0.46,0,0
855,Fri Sep 19 2025,210.7,214.65,0,0,10.0,0.0,0.05,0,1
856,Fri Sep 19 2025,205.8,209.7,0,0,15.0,0.0,0.44,0,11
857,Fri Sep 19 2025,201.0,204.65,0,0,20.0,0.0,0.42,0,0
858,Fri Sep 19 2025,196.05,199.95,0,0,25.0,0.0,0.4,0,0
859,Fri Sep 19 2025,191.25,195.2,0,0,30.0,0.0,0.37,0,0
860,Fri Sep 19 2025,186.5,190.4,0,0,35.0,0.0,0.34,0,0
861,Fri Sep 19 2025,181.7,185.65,0,0,40.0,0.01,0.3,0,0
862,Fri Sep 19 2025,177.1,181.0,0,0,45.0,0.02,0.3,0,0
863,Fri Sep 19 2025,172.35,176.25,0,17,50.0,0.04,0.14,0,498
864,Fri Sep 19 2025,167.55,171.5,0,73,55.0,0.03,0.34,0,101
865,Fri Sep 19 2025,162.8,166.7,0,22,60.0,0.04,0.32,0,214
866,Fri Sep 19 2025,158.8,161.4,0,14,65.0,0.05,0.39,0,14
867,Fri Sep 19 2025,153.75,156.9,0,10,70.0,0.1,0.41,0,35
868,Fri Sep 19 2025,148.65,151.85,0,109,75.0,0.1,0.44,0,67
869,Fri Sep 19 2025,144.75,147.1,0,28,80.0,0.09,0.48,0,91
870,Fri Sep 19 2025,140.15,142.85,0,358,85.0,0.11,0.48,0,245
871,Fri Sep 19 2025,135.45,138.15,0,223,90.0,0.15,0.52,0,643
872,Fri Sep 19 2025,130.5,133.4,0,16,95.0,0.19,0.61,0,44
873,Fri Sep 19 2025,126.0,128.45,0,1645,100.0,0.37,0.61,0,148
874,Fri Sep 19 2025,121.4,123.8,0,7,105.0,0.43,0.69,0,468
875,Fri Sep 19 2025,116.5,119.15,0,599,110.0,0.53,0.79,0,336
876,Fri Sep 19 2025,111.55,114.2,0,12,115.0,0.63,0.94,0,370
877,Fri Sep 19 2025,107.3,109.1,0,679,120.0,0.78,1.09,0,529
878,Fri Sep 19 2025,102.6,105.3,0,24,125.0,0.92,1.3,3,194
879,Fri Sep 19 2025,98.0,100.95,0,69,130.0,1.12,1.5,0,437
880,Fri Sep 19 2025,92.75,96.15,0,81,135.0,1.33,1.77,0,233
881,Fri Sep 19 2025,88.35,91.6,0,125,140.0,1.54,1.89,101,1067
882,Fri Sep 19 2025,84.15,86.9,0,42,145.0,1.98,2.2,2,611
883,Fri Sep 19 2025,79.95,82.3,4,3681,150.0,2.39,2.58,3,1234
884,Fri Sep 19 2025,75.75,77.5,0,59,155.0,2.79,3.05,0,1265
885,Fri Sep 19 2025,72.15,73.75,0,339,160.0,3.3,3.55,4,797
886,Fri Sep 19 2025,67.55,68.85,0,543,165.0,3.55,4.15,0,933
887,Fri Sep 19 2025,63.7,65.0,0,298,170.0,4.35,4.8,2,1319
888,Fri Sep 19 2025,59.3,61.05,8,335,175.0,5.25,5.8,1,1148
889,Fri Sep 19 2025,55.55,57.1,4,481,180.0,5.65,6.45,3,1379
890,Fri Sep 19 2025,51.9,53.2,2,1943,185.0,6.95,7.35,6,2935
891,Fri Sep 19 2025,47.7,49.5,1,608,190.0,7.65,8.7,16,1912
892,Fri Sep 19 2025,43.95,46.1,17,603,195.0,8.8,9.65,0,405
893,Fri Sep 19 2025,40.55,42.45,4,2896,200.0,10.35,11.15,10,1177
894,Fri Sep 19 2025,37.25,38.8,1,815,205.0,12.05,12.7,0,805
895,Fri Sep 19 2025,33.95,35.9,8,2697,210.0,13.65,14.35,110,662
896,Fri Sep 19 2025,30.8,32.55,7,1834,215.0,15.4,16.2,27,2347
897,Fri Sep 19 2025,28.0,29.5,32,2024,220.0,17.3,18.15,119,1370
898,Fri Sep 19 2025,25.1,26.8,27,1449,225.0,19.0,20.35,2,400
899,Fri Sep 19 2025,23.05,24.2,111,1936,230.0,21.65,22.75,2,1326
900,Fri Sep 19 2025,20.65,21.85,20,1383,235.0,23.95,25.15,0,1120
901,Fri Sep 19 2025,18.4,19.6,50,1948,240.0,25.6,28.15,0,173
902,Fri Sep 19 2025,16.5,17.15,22,3857,245.0,29.85,32.05,0,79
903,Fri Sep 19 2025,14.8,15.25,61,2319,250.0,33.0,34.55,0,285
904,Fri Sep 19 2025,12.9,13.55,30,1254,255.0,35.7,38.7,0,45
905,Fri Sep 19 2025,11.55,12.3,143,1466,260.0,38.85,41.95,0,5
906,Fri Sep 19 2025,10.05,10.55,0,358,265.0,44.0,45.9,0,3
907,Fri Sep 19 2025,8.9,9.3,5,1041,270.0,48.45,49.65,0,17
908,Fri Sep 19 2025,7.75,8.2,8,2604,275.0,52.65,54.0,0,3
909,Fri Sep 19 2025,6.75,7.55,0,1121,280.0,55.9,58.55,0,39
910,Fri Sep 19 2025,5.85,6.7,2,1072,285.0,60.95,64.15,0,0
911,Fri Sep 19 2025,4.9,5.55,35,1488,290.0,65.3,69.25,0,0
912,Fri Sep 19 2025,4.35,5.25,0,595,295.0,70.45,74.4,0,0
913,Fri Sep 19 2025,3.9,4.6,41,1892,300.0,75.45,79.4,0,0
914,Fri Sep 19 2025,3.15,4.05,0,572,305.0,80.45,84.2,0,0
915,Fri Sep 19 2025,2.99,3.6,3,1771,310.0,85.5,89.25,0,0
916,Fri Sep 19 2025,2.11,2.81,5,4583,320.0,95.8,98.45,0,0
917,Fri Sep 19 2025,1.58,2.05,0,67,330.0,105.7,109.2,0,0
918,Fri Sep 19 2025,1.41,1.8,2,422,340.0,115.45,119.4,0,0
919,Fri Sep 19 2025,1.1,1.29,739,1841,350.0,125.85,129.05,0,0
920,Fri Dec 19 2025,215.65,219.6,0,0,5.0,0.0,0.44,0,0
921,Fri Dec 19 2025,210.7,214.65,0,0,10.0,0.0,0.42,0,0
922,Fri Dec 19 2025,205.8,209.7,0,0,15.0,0.0,0.4,0,0
923,Fri Dec 19 2025,201.0,204.8,0,0,20.0,0.0,0.38,0,2
924,Fri Dec 19 2025,196.05,199.95,0,0,25.0,0.0,0.34,0,0
925,Fri Dec 19 2025,191.5,195.25,0,0,30.0,0.0,0.31,0,100
926,Fri Dec 19 2025,186.6,190.5,0,0,35.0,0.01,0.33,0,0
927,Fri Dec 19 2025,182.0,185.8,0,0,40.0,0.01,0.19,0,100
928,Fri Dec 19 2025,177.3,181.2,0,0,45.0,0.02,0.37,0,50
929,Fri Dec 19 2025,172.6,176.5,0,227,50.0,0.04,0.15,42,2929
930,Fri Dec 19 2025,167.85,171.8,0,109,55.0,0.03,0.38,0,288
931,Fri Dec 19 2025,163.15,167.05,0,237,60.0,0.05,0.41,0,408
932,Fri Dec 19 2025,158.65,162.3,0,337,65.0,0.06,0.48,0,1061
933,Fri Dec 19 2025,153.75,157.65,0,861,70.0,0.11,0.52,0,811
934,Fri Dec 19 2025,149.15,152.7,0,309,75.0,0.2,0.59,0,1723
935,Fri Dec 19 2025,144.6,148.3,0,337,80.0,0.17,0.64,0,1590
936,Fri Dec 19 2025,139.95,143.65,0,310,85.0,0.22,0.75,0,1262
937,Fri Dec 19 2025,135.15,138.25,0,121,90.0,0.25,0.68,0,2909
938,Fri Dec 19 2025,131.25,133.6,0,44,95.0,0.39,0.67,20,1762
939,Fri Dec 19 2025,126.05,128.7,1,1318,100.0,0.4,0.9,0,911
940,Fri Dec 19 2025,121.45,124.95,0,173,105.0,0.48,1.08,0,355
941,Fri Dec 19 2025,117.05,119.65,0,702,110.0,0.63,1.23,0,677
942,Fri Dec 19 2025,112.25,115.75,0,200,115.0,0.74,1.1,0,843
943,Fri Dec 19 2025,108.1,110.65,53,561,120.0,0.94,1.35,0,4227
944,Fri Dec 19 2025,103.15,106.9,0,469,125.0,1.1,1.96,0,1933
945,Fri Dec 19 2025,99.2,102.05,10,431,130.0,1.36,2.2,0,2764
946,Fri Dec 19 2025,94.75,97.8,2,1159,135.0,1.65,2.15,0,896
947,Fri Dec 19 2025,90.55,93.5,0,1547,140.0,2.08,2.64,0,3143
948,Fri Dec 19 2025,86.5,88.7,0,665,145.0,2.39,3.55,0,1370
949,Fri Dec 19 2025,82.2,84.4,33,2130,150.0,2.91,3.95,1,3739
950,Fri Dec 19 2025,77.65,80.4,0,659,155.0,3.0,4.0,10,1533
951,Fri Dec 19 2025,73.25,75.85,10,1301,160.0,3.55,4.5,10,6627
952,Fri Dec 19 2025,68.95,72.05,0,2538,165.0,4.1,5.2,2,2419
953,Fri Dec 19 2025,65.0,67.9,0,4196,170.0,5.15,6.6,2,2201
954,Fri Dec 19 2025,61.3,64.25,0,1782,175.0,5.6,6.9,2,8497
955,Fri Dec 19 2025,57.3,60.3,19,7911,180.0,7.5,8.45,3,7298
956,Fri Dec 19 2025,54.1,56.4,2,2074,185.0,8.3,9.6,0,2272
957,Fri Dec 19 2025,49.85,52.8,18,2469,190.0,9.5,10.75,10,3043
958,Fri Dec 19 2025,46.15,49.35,11,1863,195.0,9.85,12.15,20,3115
959,Fri Dec 19 2025,43.05,45.05,13,6650,200.0,11.85,13.0,20,3772
960,Fri Dec 19 2025,39.45,41.6,0,1384,205.0,12.8,15.15,26,2477
961,Fri Dec 19 2025,36.9,39.45,3,4390,210.0,15.4,16.1,149,1994
962,Fri Dec 19 2025,34.1,35.45,0,6155,215.0,16.2,17.95,20,4209
963,Fri Dec 19 2025,30.85,33.55,9,2883,220.0,18.2,20.7,77,1753
964,Fri Dec 19 2025,28.85,30.9,31,1269,225.0,20.35,23.15,20,2006
965,Fri Dec 19 2025,25.95,28.3,6,2917,230.0,22.7,25.2,0,264
966,Fri Dec 19 2025,23.5,25.95,2,1681,235.0,26.0,27.1,0,509
967,Fri Dec 19 2025,21.7,23.6,7,1639,240.0,28.85,30.0,0,916
968,Fri Dec 19 2025,19.2,20.7,20,1741,245.0,31.0,32.95,0,111
969,Fri Dec 19 2025,18.1,18.85,21,12330,250.0,34.05,36.05,0,277
970,Fri Dec 19 2025,14.4,15.3,103,2198,260.0,40.25,43.6,0,93
971,Fri Dec 19 2025,10.9,12.4,17,1362,270.0,48.5,51.1,0,9
972,Fri Dec 19 2025,9.55,10.65,56,2008,280.0,57.8,58.9,0,62
973,Fri Dec 19 2025,7.4,8.2,11,3883,290.0,66.4,68.5,0,0
974,Fri Dec 19 2025,6.05,6.8,17,7673,300.0,75.75,79.4,0,0
975,Fri Dec 19 2025,4.65,5.55,26,4127,310.0,85.3,89.25,0,0
976,Fri Dec 19 2025,3.15,4.4,4,1157,320.0,95.45,98.4,0,0
977,Fri Dec 19 2025,2.76,3.95,7,76,330.0,105.45,109.2,0,0
978,Fri Dec 19 2025,2.34,2.88,0,118,340.0,116.35,118.8,0,0
979,Fri Dec 19 2025,1.77,2.15,0,732,350.0,125.3,129.25,0,0
980,Fri Jan 16 2026,215.65,219.6,0,0,5.0,0.0,0.43,0,0
981,Fri Jan 16 2026,210.7,214.65,0,0,10.0,0.0,0.41,0,1
982,Fri Jan 16 2026,205.8,209.7,0,0,15.0,0.0,0.39,0,0
983,Fri Jan 16 2026,201.0,204.8,0,1,20.0,0.0,0.36,0,0
984,Fri Jan 16 2026,196.05,200.0,0,1,25.0,0.0,0.32,0,0
985,Fri Jan 16 2026,191.5,195.25,0,87,30.0,0.03,0.28,0,51
986,Fri Jan 16 2026,187.0,190.5,0,36,35.0,0.05,0.3,0,56
987,Fri Jan 16 2026,182.0,185.8,0,25,40.0,0.05,0.33,5,36
988,Fri Jan 16 2026,177.5,181.3,0,58,45.0,0.05,0.35,0,21
989,Fri Jan 16 2026,172.7,176.6,56,1321,50.0,0.08,0.3,1,1602
990,Fri Jan 16 2026,168.0,171.95,0,290,55.0,0.1,0.41,0,90
991,Fri Jan 16 2026,163.5,167.25,0,321,60.0,0.12,0.38,0,44
992,Fri Jan 16 2026,159.3,162.4,0,74,65.0,0.1,0.48,0,1000
993,Fri Jan 16 2026,154.4,157.6,0,160,70.0,0.18,0.55,0,78
994,Fri Jan 16 2026,149.6,153.05,0,88,75.0,0.25,0.59,0,2844
995,Fri Jan 16 2026,144.65,148.25,0,424,80.0,0.25,0.65,0,477
996,Fri Jan 16 2026,140.25,143.7,0,197,85.0,0.3,0.74,6,791
997,Fri Jan 16 2026,136.1,139.05,0,57,90.0,0.31,0.69,0,885
998,Fri Jan 16 2026,131.4,134.45,0,94,95.0,0.45,0.69,20,6363
999,Fri Jan 16 2026,126.85,129.7,305,1419,100.0,0.55,0.92,0,1530
1000,Fri Jan 16 2026,122.4,125.3,0,187,105.0,0.7,1.1,0,9310
1001,Fri Jan 16 2026,117.2,120.55,0,158,110.0,0.8,1.25,5,677
1002,Fri Jan 16 2026,112.9,115.8,2,162,115.0,0.85,1.48,0,359
1003,Fri Jan 16 2026,108.6,111.7,0,573,120.0,1.09,1.68,0,1292
1004,Fri Jan 16 2026,103.95,106.55,0,502,125.0,1.28,1.97,2,2227
1005,Fri Jan 16 2026,99.2,102.6,0,750,130.0,1.55,2.24,8,1641
1006,Fri Jan 16 2026,95.35,97.85,0,328,135.0,1.84,2.41,0,2043
1007,Fri Jan 16 2026,91.35,94.05,0,903,140.0,2.32,2.87,16,2102
1008,Fri Jan 16 2026,86.4,88.7,0,238,145.0,2.76,3.55,0,1746
1009,Fri Jan 16 2026,83.15,84.05,12,2162,150.0,3.25,4.0,12,8921
1010,Fri Jan 16 2026,78.85,80.65,0,297,155.0,3.75,4.6,319,2012
1011,Fri Jan 16 2026,74.7,76.55,3,413,160.0,4.35,4.8,1035,4146
1012,Fri Jan 16 2026,70.45,71.6,60,1081,165.0,4.3,5.95,0,6302
1013,Fri Jan 16 2026,65.75,68.45,9,1775,170.0,5.15,6.2,5,11101
1014,Fri Jan 16 2026,62.0,63.8,1,2638,175.0,6.15,7.35,1,3413
1015,Fri Jan 16 2026,58.0,60.1,17,3983,180.0,7.05,8.0,4,4167
1016,Fri Jan 16 2026,54.4,57.05,4,2164,185.0,8.6,9.7,3,4573
1017,Fri Jan 16 2026,50.65,53.75,12,3521,190.0,9.8,10.3,5,5493
1018,Fri Jan 16 2026,47.3,49.25,13,6814,195.0,10.5,11.65,1,907
1019,Fri Jan 16 2026,43.9,45.75,24,8416,200.0,11.6,13.05,60,7796
1020,Fri Jan 16 2026,40.65,42.45,27,1888,205.0,13.35,14.65,0,1568
1021,Fri Jan 16 2026,37.75,40.25,29,4296,210.0,15.25,16.4,20,4446
1022,Fri Jan 16 2026,34.8,37.1,15,2993,215.0,16.7,18.3,21,675
1023,Fri Jan 16 2026,32.25,33.65,91,12273,220.0,18.75,20.3,165,2207
1024,Fri Jan 16 2026,29.95,31.1,66,3944,225.0,20.95,23.1,2,924
1025,Fri Jan 16 2026,27.1,29.35,74,5626,230.0,24.25,24.85,2,976
1026,Fri Jan 16 2026,25.35,26.65,30,4018,235.0,26.75,27.4,0,579
1027,Fri Jan 16 2026,23.05,24.1,15,3778,240.0,29.2,30.65,0,1383
1028,Fri Jan 16 2026,21.05,22.05,7,2490,245.0,31.7,33.3,1,266
1029,Fri Jan 16 2026,18.4,19.75,261,7432,250.0,35.0,37.1,0,940
1030,Fri Jan 16 2026,17.25,18.45,1,1331,255.0,38.5,40.95,0,291
1031,Fri Jan 16 2026,15.15,16.75,23,1828,260.0,41.25,43.7,0,393
1032,Fri Jan 16 2026,13.4,15.25,50,918,265.0,45.5,47.15,0,45
1033,Fri Jan 16 2026,12.65,14.1,26,2041,270.0,48.1,51.0,0,113
1034,Fri Jan 16 2026,11.3,11.95,0,776,275.0,52.85,55.25,0,113
1035,Fri Jan 16 2026,10.15,11.3,10,3508,280.0,57.2,60.2,0,214
1036,Fri Jan 16 2026,8.3,10.2,120,455,285.0,61.4,63.95,0,0
1037,Fri Jan 16 2026,8.15,8.7,109,2038,290.0,66.95,68.85,15,8
1038,Fri Jan 16 2026,6.5,7.1,294,17919,300.0,75.3,79.25,1,6
1039,Fri Jan 16 2026,5.3,6.15,127,2885,310.0,85.45,89.25,0,1
1040,Fri Jan 16 2026,3.7,5.05,55,8338,320.0,95.45,99.4,0,0
1041,Fri Jan 16 2026,3.3,4.2,1,578,330.0,105.3,109.25,0,0
1042,Fri Jan 16 2026,2.57,3.0,0,468,340.0,115.45,119.4,0,0
1043,Fri Jan 16 2026,2.05,2.4,5,881,350.0,125.45,129.35,0,0
1044,Thu Jun 18 2026,215.65,219.6,0,1,5.0,0.0,0.39,0,1
1045,Thu Jun 18 2026,210.7,214.65,0,0,10.0,0.0,0.36,0,1
1046,Thu Jun 18 2026,205.8,209.7,0,0,15.0,0.0,0.33,0,0
1047,Thu Jun 18 2026,201.0,204.8,0,0,20.0,0.0,0.3,0,0
1048,Thu Jun 18 2026,196.5,200.0,0,0,25.0,0.0,0.32,0,0
1049,Thu Jun 18 2026,191.5,195.35,0,0,30.0,0.01,0.35,0,0
1050,Thu Jun 18 2026,187.0,190.7,0,0,35.0,0.01,0.37,0,0
1051,Thu Jun 18 2026,182.5,186.05,0,0,40.0,0.02,0.4,0,27
1052,Thu Jun 18 2026,177.5,181.45,0,1,45.0,0.02,0.46,0,21
1053,Thu Jun 18 2026,173.05,176.95,0,147,50.0,0.1,0.15,0,936
1054,Thu Jun 18 2026,168.5,172.35,0,135,55.0,0.04,0.57,0,34
1055,Thu Jun 18 2026,164.0,167.55,0,120,60.0,0.06,0.61,0,25
1056,Thu Jun 18 2026,159.25,162.9,0,119,65.0,0.07,0.7,0,20
1057,Thu Jun 18 2026,154.75,158.25,0,402,70.0,0.09,0.75,0,18
1058,Thu Jun 18 2026,150.05,153.65,0,124,75.0,0.11,0.75,0,81
1059,Thu Jun 18 2026,145.6,149.15,0,82,80.0,0.18,0.9,0,534
1060,Thu Jun 18 2026,141.0,144.3,0,82,85.0,0.38,0.89,0,842
1061,Thu Jun 18 2026,136.5,139.9,1,1617,90.0,0.48,1.0,0,552
1062,Thu Jun 18 2026,132.2,135.3,0,180,95.0,0.39,1.36,0,135
1063,Thu Jun 18 2026,127.65,130.9,4,453,100.0,0.8,1.33,1,936
1064,Thu Jun 18 2026,123.1,126.6,0,98,105.0,0.86,1.57,0,1541
1065,Thu Jun 18 2026,118.75,122.2,0,183,110.0,1.05,1.78,0,1469
1066,Thu Jun 18 2026,114.45,117.3,0,193,115.0,1.23,2.07,1,174
1067,Thu Jun 18 2026,109.85,112.9,0,338,120.0,1.51,2.0,0,1281
1068,Thu Jun 18 2026,105.85,108.7,0,323,125.0,1.85,2.69,3,886
1069,Thu Jun 18 2026,101.15,104.35,1,302,130.0,2.39,2.79,0,442
1070,Thu Jun 18 2026,97.7,100.5,0,512,135.0,2.59,3.65,1,761
1071,Thu Jun 18 2026,93.15,96.3,0,440,140.0,2.85,4.1,1,1535
1072,Thu Jun 18 2026,88.5,92.1,0,190,145.0,3.55,4.2,0,712
1073,Thu Jun 18 2026,84.6,87.65,3,501,150.0,4.05,4.8,0,1731
1074,Thu Jun 18 2026,81.05,83.7,1,406,155.0,5.0,5.5,1,666
1075,Thu Jun 18 2026,77.2,79.85,1,926,160.0,4.95,6.25,0,7895
1076,Thu Jun 18 2026,72.8,76.0,4,418,165.0,6.3,7.05,0,2775
1077,Thu Jun 18 2026,69.6,72.2,134,2854,170.0,6.5,8.0,7,2194
1078,Thu Jun 18 2026,65.2,67.8,0,752,175.0,7.5,9.0,0,2479
1079,Thu Jun 18 2026,61.55,65.0,1,1040,180.0,9.2,10.1,1,1013
1080,Thu Jun 18 2026,58.95,61.35,4,1058,185.0,9.55,11.3,0,586
1081,Thu Jun 18 2026,54.6,57.15,6,4762,190.0,10.8,12.95,5,2456
1082,Thu Jun 18 2026,51.25,54.6,6,2107,195.0,12.35,14.3,0,304
1083,Thu Jun 18 2026,48.15,50.95,3,3178,200.0,13.75,15.65,28,998
1084,Thu Jun 18 2026,45.95,48.4,6,5040,205.0,15.7,17.35,6,244
1085,Thu Jun 18 2026,42.2,45.25,23,6630,210.0,18.25,19.4,3,532
1086,Thu Jun 18 2026,39.5,42.1,0,387,215.0,19.65,21.7,0,136
1087,Thu Jun 18 2026,37.15,39.45,75,2047,220.0,20.6,23.4,1,160
1088,Thu Jun 18 2026,34.15,36.95,35,1895,225.0,23.35,25.6,7,241
1089,Thu Jun 18 2026,31.35,34.05,366,1473,230.0,26.15,27.75,0,218
1090,Thu Jun 18 2026,29.1,32.1,1,1172,235.0,28.05,31.05,0,139
1091,Thu Jun 18 2026,27.45,29.0,18,1130,240.0,31.25,33.75,0,79
1092,Thu Jun 18 2026,24.85,27.15,0,762,245.0,34.35,35.9,0,4
1093,Thu Jun 18 2026,23.45,25.15,1,7529,250.0,37.3,38.85,0,108
1094,Thu Jun 18 2026,20.85,23.3,0,579,255.0,39.25,41.95,0,515
1095,Thu Jun 18 2026,19.15,21.85,0,1499,260.0,42.55,45.3,0,226
1096,Thu Jun 18 2026,17.45,19.4,1,312,265.0,46.75,48.7,0,121
1097,Thu Jun 18 2026,16.25,17.8,1,1460,270.0,51.0,52.35,0,106
1098,Thu Jun 18 2026,14.65,16.9,0,575,275.0,54.1,56.85,0,2
1099,Thu Jun 18 2026,13.9,15.05,106,1827,280.0,58.5,60.7,0,43
1100,Thu Jun 18 2026,12.15,14.75,0,399,285.0,62.2,64.65,0,4
1101,Thu Jun 18 2026,11.9,12.7,0,340,290.0,66.55,69.2,0,28
1102,Thu Jun 18 2026,9.0,11.15,56,880,300.0,76.3,79.25,0,0
1103,Thu Jun 18 2026,8.0,8.95,57,3074,310.0,85.45,89.4,0,0
1104,Thu Jun 18 2026,6.05,7.95,0,3760,320.0,95.45,99.4,0,0
1105,Thu Jun 18 2026,4.8,7.15,3,97,330.0,105.45,109.4,0,0
1106,Thu Jun 18 2026,4.55,5.8,51,704,340.0,115.45,119.4,0,0
1107,Thu Jun 18 2026,3.85,4.5,306,754,350.0,125.75,129.4,0,0
1108,Fri Dec 18 2026,215.65,219.6,0,4,5.0,0.0,0.35,0,22
1109,Fri Dec 18 2026,210.75,214.65,0,0,10.0,0.01,0.34,0,42
1110,Fri Dec 18 2026,205.8,209.7,0,0,15.0,0.0,0.37,0,0
1111,Fri Dec 18 2026,201.0,204.8,0,1,20.0,0.03,0.4,0,0
1112,Fri Dec 18 2026,196.5,200.05,0,0,25.0,0.0,0.34,0,2
1113,Fri Dec 18 2026,191.5,195.4,0,3,30.0,0.03,0.47,0,0
1114,Fri Dec 18 2026,187.0,190.85,0,0,35.0,0.03,0.52,0,1
1115,Fri Dec 18 2026,182.5,186.3,0,0,40.0,0.05,0.58,0,0
1116,Fri Dec 18 2026,178.0,181.75,0,49,45.0,0.1,0.6,0,25
1117,Fri Dec 18 2026,173.5,177.3,0,1819,50.0,0.21,0.38,0,191
1118,Fri Dec 18 2026,164.5,168.15,0,224,60.0,0.18,0.86,0,43
1119,Fri Dec 18 2026,155.5,159.2,0,2313,70.0,0.3,1.04,0,31
1120,Fri Dec 18 2026,146.5,150.25,1,450,80.0,0.5,0.85,0,1571
1121,Fri Dec 18 2026,142.0,145.9,1,600,85.0,0.6,1.0,0,88
1122,Fri Dec 18 2026,137.55,141.2,0,539,90.0,0.75,1.2,8,576
1123,Fri Dec 18 2026,133.15,137.1,0,95,95.0,0.84,1.67,0,1588
1124,Fri Dec 18 2026,129.0,132.5,5,1849,100.0,1.11,1.45,10,1015
1125,Fri Dec 18 2026,124.6,128.2,0,203,105.0,1.06,2.19,1,365
1126,Fri Dec 18 2026,120.3,123.85,0,594,110.0,1.32,1.95,0,995
1127,Fri Dec 18 2026,116.0,119.65,0,209,115.0,1.56,2.44,0,1037
1128,Fri Dec 18 2026,111.7,115.35,0,1238,120.0,2.31,2.92,6,752
1129,Fri Dec 18 2026,107.95,111.15,54,214,125.0,2.63,3.8,1,2266
1130,Fri Dec 18 2026,103.8,106.75,0,1383,130.0,3.3,4.25,3,946
1131,Fri Dec 18 2026,99.6,102.5,1,732,135.0,3.35,4.8,0,1623
1132,Fri Dec 18 2026,96.0,99.05,3,671,140.0,4.2,5.15,2,1343
1133,Fri Dec 18 2026,91.95,94.65,25,247,145.0,4.9,6.05,4,701
1134,Fri Dec 18 2026,87.4,91.2,42,905,150.0,5.45,6.75,4,1773
1135,Fri Dec 18 2026,83.7,87.35,33,241,155.0,6.15,7.6,0,452
1136,Fri Dec 18 2026,79.85,83.6,21,449,160.0,6.4,8.45,0,982
1137,Fri Dec 18 2026,76.9,79.15,2,424,165.0,7.85,9.25,0,547
1138,Fri Dec 18 2026,73.6,75.55,2,1075,170.0,9.0,10.4,0,512
1139,Fri Dec 18 2026,69.25,71.95,57,945,175.0,10.25,11.1,1,950
1140,Fri Dec 18 2026,66.0,69.3,0,1481,180.0,11.1,12.15,15,537
1141,Fri Dec 18 2026,62.35,65.6,1,1558,185.0,12.55,13.9,0,417
1142,Fri Dec 18 2026,59.7,62.6,5,1274,190.0,13.1,14.95,3,2185
1143,Fri Dec 18 2026,56.2,58.6,0,941,195.0,15.05,17.05,0,821
1144,Fri Dec 18 2026,54.2,55.4,51,6372,200.0,16.95,18.6,17,3704
1145,Fri Dec 18 2026,46.8,50.3,18,3644,210.0,20.5,21.8,2,1260
1146,Fri Dec 18 2026,42.0,44.2,84,4352,220.0,23.75,26.15,218,1206
1147,Fri Dec 18 2026,37.5,39.65,114,2710,230.0,28.4,30.2,20,606
1148,Fri Dec 18 2026,33.0,35.3,92,4236,240.0,33.5,35.35,2,1387
1149,Fri Dec 18 2026,29.1,29.95,124,11976,250.0,39.05,41.3,4,529
1150,Fri Dec 18 2026,23.8,26.2,8,1886,260.0,45.5,48.2,0,1201
1151,Fri Dec 18 2026,20.85,23.2,203,2116,270.0,52.0,54.95,0,138
1152,Fri Dec 18 2026,18.4,20.2,14,1740,280.0,59.85,62.1,0,82
1153,Fri Dec 18 2026,15.25,17.7,10,3003,290.0,67.8,70.4,0,6
1154,Fri Dec 18 2026,13.9,15.55,208,1913,300.0,76.25,79.45,0,9
1155,Fri Dec 18 2026,10.95,13.45,4,188,310.0,85.3,89.25,0,0
1156,Fri Dec 18 2026,9.3,11.2,48,417,320.0,95.45,99.4,0,0
1157,Fri Dec 18 2026,7.7,10.45,1,1040,330.0,105.45,109.4,0,0
1158,Fri Dec 18 2026,7.6,9.05,2,292,340.0,115.3,119.25,2,3
1159,Fri Dec 18 2026,6.5,7.1,218,3517,350.0,125.45,129.25,1,0
