Expiration,Call Bid,Call Ask,Call Volume,Open Interest,Strike,Put Bid,Put Ask,Put Volume,Put Open Interest
Fri Sep 27 2024,99.85,103.65,0,1,110.0,0.0,0.01,0,0
Fri Sep 27 2024,94.85,98.65,0,0,115.0,0.0,0.01,1,3
Fri Sep 27 2024,89.85,93.65,0,3,120.0,0.0,0.01,0,0
Fri Sep 27 2024,84.85,88.65,0,0,125.0,0.0,0.21,0,1
Fri Sep 27 2024,79.85,83.65,0,0,130.0,0.0,0.47,0,18
Fri Sep 27 2024,74.85,78.65,0,0,135.0,0.0,0.01,0,1
Fri Sep 27 2024,69.85,73.65,0,0,140.0,0.0,0.01,0,12
Fri Sep 27 2024,64.85,68.65,0,0,145.0,0.0,0.01,0,0
Fri Sep 27 2024,59.85,63.7,0,0,150.0,0.0,0.01,0,43
Fri Sep 27 2024,54.7,58.7,0,4,155.0,0.0,0.02,0,30
Fri Sep 27 2024,49.6,53.7,0,0,160.0,0.0,0.01,0,50
Fri Sep 27 2024,44.6,48.7,0,5,165.0,0.0,0.01,0,12
Fri Sep 27 2024,39.6,43.7,1,0,170.0,0.0,0.01,0,138
Fri Sep 27 2024,34.6,38.7,0,0,175.0,0.0,0.01,0,561
Fri Sep 27 2024,29.6,33.7,0,22,180.0,0.0,0.02,0,447
Fri Sep 27 2024,27.4,31.2,0,0,182.5,0.0,0.22,0,47
Fri Sep 27 2024,24.85,28.7,0,9,185.0,0.0,0.15,1,226
Fri Sep 27 2024,22.4,25.8,0,0,187.5,0.0,1.15,1,233
Fri Sep 27 2024,20.4,23.3,0,3,190.0,0.01,0.02,405,751
Fri Sep 27 2024,17.45,20.35,2,2,192.5,0.0,0.14,223,323
Fri Sep 27 2024,14.9,18.75,2,25,195.0,0.02,0.13,14,1557
Fri Sep 27 2024,12.45,16.3,23,339,197.5,0.03,0.04,21,1132
Fri Sep 27 2024,10.0,13.8,24,347,200.0,0.05,0.06,131,1146
Fri Sep 27 2024,7.5,10.0,4,117,202.5,0.08,0.09,100,574
Fri Sep 27 2024,6.15,8.0,60,673,205.0,0.15,0.19,420,1654
Fri Sep 27 2024,3.8,5.5,94,673,207.5,0.35,0.39,1336,1129
Fri Sep 27 2024,2.63,2.78,1045,2439,210.0,0.87,0.93,3571,2142
Fri Sep 27 2024,1.24,1.34,2980,2200,212.5,1.85,2.02,262,333
Fri Sep 27 2024,0.44,0.5,3213,3552,215.0,2.89,4.0,55,647
Fri Sep 27 2024,0.13,0.16,1938,2453,217.5,5.5,6.45,18,32
Fri Sep 27 2024,0.05,0.06,1402,1831,220.0,6.45,10.5,3,86
Fri Sep 27 2024,0.02,0.03,202,1014,222.5,8.95,12.7,0,6
Fri Sep 27 2024,0.0,0.03,251,3658,225.0,12.0,15.1,0,1
Fri Sep 27 2024,0.0,0.03,14,221,227.5,14.4,17.7,0,0
Fri Sep 27 2024,0.0,0.2,2,673,230.0,16.45,20.1,1,6
Fri Sep 27 2024,0.0,0.1,0,36,232.5,19.4,22.7,0,0
Fri Sep 27 2024,0.0,0.01,0,710,235.0,21.85,24.25,0,0
Fri Sep 27 2024,0.0,0.01,0,171,237.5,23.95,27.7,0,0
Fri Sep 27 2024,0.0,0.01,0,236,240.0,26.45,30.55,0,0
Fri Sep 27 2024,0.0,0.01,0,27,245.0,31.45,35.55,0,0
Fri Sep 27 2024,0.0,0.01,0,44,250.0,36.45,40.2,0,0
Fri Sep 27 2024,0.0,0.01,0,1,255.0,41.45,45.0,0,0
Fri Sep 27 2024,0.0,0.01,0,17,260.0,46.45,50.25,0,0
Fri Sep 27 2024,0.0,0.01,0,0,265.0,51.45,55.25,0,0
Fri Sep 27 2024,0.0,0.01,0,0,270.0,56.45,60.25,0,0
Fri Sep 27 2024,0.0,0.21,0,0,275.0,61.45,65.25,0,0
Fri Sep 27 2024,0.0,0.54,0,0,280.0,66.45,70.25,0,0
Fri Sep 27 2024,0.0,0.21,0,1,285.0,71.45,75.25,0,0
Fri Sep 27 2024,0.0,0.23,0,4,290.0,76.45,80.25,0,0
Fri Oct 04 2024,99.9,103.7,0,1,110.0,0.0,0.01,0,0
Fri Oct 04 2024,94.9,98.7,0,0,115.0,0.0,0.22,0,0
Fri Oct 04 2024,89.9,93.75,0,0,120.0,0.0,0.22,0,0
Fri Oct 04 2024,84.95,88.75,0,3,125.0,0.0,0.21,0,0
Fri Oct 04 2024,79.95,83.75,0,0,130.0,0.0,0.13,0,0
Fri Oct 04 2024,74.95,78.75,0,0,135.0,0.0,0.22,0,0
Fri Oct 04 2024,69.95,73.75,0,0,140.0,0.0,0.13,0,2
Fri Oct 04 2024,64.65,68.75,0,0,145.0,0.0,2.13,0,4
Fri Oct 04 2024,59.65,63.75,0,4,150.0,0.0,0.23,0,3
Fri Oct 04 2024,54.65,58.75,0,0,155.0,0.0,0.2,0,10
Fri Oct 04 2024,49.65,53.8,0,0,160.0,0.0,0.23,0,60
Fri Oct 04 2024,44.65,48.8,0,1,165.0,0.0,0.2,0,60
Fri Oct 04 2024,39.7,43.8,0,2,170.0,0.0,0.05,8,307
Fri Oct 04 2024,34.7,38.8,0,0,175.0,0.0,0.02,6,109
Fri Oct 04 2024,29.7,33.85,0,0,180.0,0.03,0.23,8,455
Fri Oct 04 2024,27.25,31.35,1,0,182.5,0.0,0.24,12,6
Fri Oct 04 2024,25.1,28.85,0,211,185.0,0.05,0.06,18,368
Fri Oct 04 2024,22.3,26.35,0,0,187.5,0.06,0.08,4,81
Fri Oct 04 2024,19.8,23.9,0,5,190.0,0.08,0.1,83,476
Fri Oct 04 2024,17.35,21.4,0,0,192.5,0.11,0.13,8,96
Fri Oct 04 2024,15.4,17.65,0,352,195.0,0.16,0.18,375,839
Fri Oct 04 2024,12.4,16.5,0,27,197.5,0.23,0.25,38,84
Fri Oct 04 2024,11.85,14.15,5,296,200.0,0.35,0.38,240,719
Fri Oct 04 2024,8.35,11.8,4,4,202.5,0.55,0.59,78,195
Fri Oct 04 2024,7.2,7.9,2,728,205.0,0.89,0.98,902,645
Fri Oct 04 2024,5.2,5.8,22,234,207.5,1.47,1.54,184,325
Fri Oct 04 2024,3.65,3.8,475,1437,210.0,2.34,2.44,1219,1016
Fri Oct 04 2024,2.24,2.38,2397,608,212.5,3.5,3.75,190,46
Fri Oct 04 2024,1.22,1.3,1110,1377,215.0,5.05,5.45,71,279
Fri Oct 04 2024,0.61,0.67,462,266,217.5,6.9,7.5,0,7
Fri Oct 04 2024,0.27,0.31,727,1606,220.0,9.05,11.25,3,277
Fri Oct 04 2024,0.12,0.15,160,216,222.5,10.45,13.7,0,2
Fri Oct 04 2024,0.06,0.08,199,1573,225.0,12.35,16.4,1,179
Fri Oct 04 2024,0.03,0.05,7,20,227.5,14.8,18.85,0,0
Fri Oct 04 2024,0.02,0.6,59,252,230.0,17.3,21.1,8,23
Fri Oct 04 2024,0.0,0.11,3,11,232.5,19.95,23.6,0,0
Fri Oct 04 2024,0.0,0.05,2,794,235.0,22.3,26.3,0,2
Fri Oct 04 2024,0.0,0.23,0,406,240.0,27.5,31.35,0,0
Fri Oct 04 2024,0.0,0.23,0,7,245.0,32.25,36.2,0,0
Fri Oct 04 2024,0.0,0.23,0,33,250.0,37.25,41.35,0,1
Fri Oct 04 2024,0.0,0.23,0,2,255.0,42.25,46.3,0,0
Fri Oct 04 2024,0.0,0.23,0,0,260.0,47.45,51.35,0,0
Fri Oct 04 2024,0.0,0.23,0,2,265.0,52.45,56.3,0,0
Fri Oct 04 2024,0.0,0.23,0,0,270.0,57.45,61.2,0,0
Fri Oct 04 2024,0.0,0.23,0,1,275.0,62.2,66.3,0,0
Fri Oct 04 2024,0.0,0.22,0,0,280.0,67.2,71.3,0,0
Fri Oct 04 2024,0.0,0.22,0,2,285.0,72.35,76.3,0,0
Fri Oct 04 2024,0.0,0.22,0,1,290.0,77.4,81.2,0,0
Fri Oct 11 2024,99.9,103.7,1,0,110.0,0.0,0.07,0,0
Fri Oct 11 2024,94.9,98.7,0,0,115.0,0.0,0.3,0,0
Fri Oct 11 2024,89.95,93.75,0,0,120.0,0.0,0.29,0,0
Fri Oct 11 2024,85.45,88.75,0,0,125.0,0.0,0.3,0,1
Fri Oct 11 2024,79.95,83.75,0,0,130.0,0.0,0.3,0,17
Fri Oct 11 2024,74.95,78.75,0,0,135.0,0.0,0.31,0,1
Fri Oct 11 2024,69.95,73.75,0,0,140.0,0.0,0.16,0,0
Fri Oct 11 2024,64.65,68.75,0,0,145.0,0.0,0.31,0,18
Fri Oct 11 2024,59.65,63.75,0,0,150.0,0.0,0.22,0,9
Fri Oct 11 2024,54.65,58.8,0,0,155.0,0.01,0.31,0,3
Fri Oct 11 2024,49.7,53.8,0,0,160.0,0.02,0.32,0,27
Fri Oct 11 2024,44.7,48.8,0,0,165.0,0.0,0.11,8,35
Fri Oct 11 2024,39.7,43.85,0,2,170.0,0.08,0.12,8,71
Fri Oct 11 2024,34.7,38.85,0,0,175.0,0.15,0.16,9,55
Fri Oct 11 2024,29.8,33.9,0,2,180.0,0.18,0.22,53,120
Fri Oct 11 2024,24.85,28.95,0,9,185.0,0.12,0.31,444,1322
Fri Oct 11 2024,24.2,26.5,0,0,187.5,0.33,0.38,2,12
Fri Oct 11 2024,19.9,24.05,0,29,190.0,0.42,0.48,30,677
Fri Oct 11 2024,18.15,21.65,19,0,192.5,0.55,0.76,20,0
Fri Oct 11 2024,16.9,18.0,11,63,195.0,0.72,0.98,48,783
Fri Oct 11 2024,13.15,16.5,23,0,197.5,0.97,1.05,9,14
Fri Oct 11 2024,12.4,13.05,26,667,200.0,1.31,1.41,988,1124
Fri Oct 11 2024,10.3,11.1,8,0,202.5,0.36,2.29,2,25
Fri Oct 11 2024,8.35,9.15,1,284,205.0,2.01,4.45,26,693
Fri Oct 11 2024,6.7,7.4,5,1,207.5,3.2,3.4,11,5
Fri Oct 11 2024,5.25,5.6,200,727,210.0,4.2,6.3,77,234
Fri Oct 11 2024,2.36,4.2,426,35,212.5,5.4,7.55,8,8
Fri Oct 11 2024,0.95,3.1,350,517,215.0,5.3,7.35,10,213
Fri Oct 11 2024,0.42,3.7,51,20,217.5,6.65,8.85,3,0
Fri Oct 11 2024,1.25,1.5,1681,1788,220.0,10.1,10.85,0,252
Fri Oct 11 2024,0.18,1.01,11,27,222.5,12.1,12.75,0,0
Fri Oct 11 2024,0.21,0.87,30,487,225.0,14.2,15.1,0,28
Fri Oct 11 2024,0.37,0.43,5,3,227.5,16.55,17.4,0,0
Fri Oct 11 2024,0.23,0.28,26,288,230.0,17.45,21.45,0,5
Fri Oct 11 2024,0.14,0.19,0,0,232.5,19.9,23.8,0,0
Fri Oct 11 2024,0.1,0.13,59,395,235.0,22.35,25.95,0,0
Fri Oct 11 2024,0.04,0.07,0,180,240.0,27.3,31.3,0,2
Fri Oct 11 2024,0.01,0.18,3,15,245.0,32.25,36.4,0,0
Fri Oct 11 2024,0.01,0.32,3,7,250.0,37.25,41.35,0,0
Fri Oct 11 2024,0.01,0.31,0,3,255.0,42.25,46.35,0,3
Fri Oct 11 2024,0.01,0.3,4,3,260.0,47.25,51.35,0,0
Fri Oct 11 2024,0.0,0.09,0,2,265.0,52.25,56.2,0,0
Fri Oct 11 2024,0.0,0.3,0,0,270.0,57.2,61.3,0,0
Fri Oct 11 2024,0.0,0.3,0,1,275.0,62.2,66.0,0,0
Fri Oct 11 2024,0.0,0.3,0,0,280.0,67.2,71.0,0,0
Fri Oct 11 2024,0.0,0.3,0,0,285.0,72.2,76.3,0,0
Fri Oct 11 2024,0.0,0.05,0,117,290.0,77.2,80.95,0,0
Fri Oct 18 2024,124.85,128.7,0,0,85.0,0.0,0.02,0,33
Fri Oct 18 2024,120.0,123.7,0,1,90.0,0.0,0.04,0,63
Fri Oct 18 2024,114.9,118.7,0,0,95.0,0.0,0.04,0,193
Fri Oct 18 2024,109.75,113.7,0,1,100.0,0.0,0.05,60,80
Fri Oct 18 2024,104.95,108.7,0,0,105.0,0.0,0.06,0,51
Fri Oct 18 2024,100.05,103.7,0,1,110.0,0.0,0.27,0,242
Fri Oct 18 2024,95.05,98.7,0,0,115.0,0.0,0.08,0,48
Fri Oct 18 2024,89.6,93.75,0,0,120.0,0.0,0.09,0,108
Fri Oct 18 2024,85.4,88.75,0,6,125.0,0.0,0.11,0,40
Fri Oct 18 2024,79.7,83.75,0,4,130.0,0.0,0.27,0,66
Fri Oct 18 2024,74.7,78.75,0,3,135.0,0.01,0.03,3,160
Fri Oct 18 2024,69.8,73.75,0,20,140.0,0.0,0.1,0,1239
Fri Oct 18 2024,65.05,68.75,0,25,145.0,0.01,0.05,0,3014
Fri Oct 18 2024,59.65,63.75,0,61,150.0,0.02,0.08,1,1601
Fri Oct 18 2024,54.65,58.8,0,34,155.0,0.02,0.07,2,1001
Fri Oct 18 2024,49.7,53.8,0,454,160.0,0.07,0.12,30,881
Fri Oct 18 2024,44.65,48.8,0,77,165.0,0.11,0.12,0,500
Fri Oct 18 2024,39.7,43.85,0,1930,170.0,0.15,0.16,1,3809
Fri Oct 18 2024,35.6,38.85,0,220,175.0,0.19,0.22,29,4394
Fri Oct 18 2024,29.85,33.45,2,545,180.0,0.27,0.29,101,4311
Fri Oct 18 2024,25.6,29.0,27,778,185.0,0.39,0.42,208,11789
Fri Oct 18 2024,22.45,26.55,1,0,187.5,0.48,0.51,36,25
Fri Oct 18 2024,21.85,24.15,23,653,190.0,0.6,0.64,188,10833
Fri Oct 18 2024,19.45,21.8,25,0,192.5,0.76,0.8,590,40
Fri Oct 18 2024,17.2,17.85,217,1388,195.0,0.98,1.03,417,6950
Fri Oct 18 2024,14.9,15.6,19,0,197.5,1.28,1.34,25,31
Fri Oct 18 2024,12.8,13.35,346,4017,200.0,1.66,2.07,1303,6535
Fri Oct 18 2024,10.8,11.35,0,3,202.5,2.21,2.29,6,16
Fri Oct 18 2024,8.5,9.6,83,2525,205.0,2.88,2.98,303,2708
Fri Oct 18 2024,7.25,7.6,5,40,207.5,3.7,3.85,66,165
Fri Oct 18 2024,5.9,6.05,714,7309,210.0,4.7,4.85,623,2853
Fri Oct 18 2024,4.6,4.75,373,304,212.5,5.9,6.05,75,78
Fri Oct 18 2024,3.45,3.6,833,6911,215.0,7.3,7.5,41,3277
Fri Oct 18 2024,2.54,2.66,694,102,217.5,8.7,9.7,28,2
Fri Oct 18 2024,1.83,1.9,2105,15227,220.0,10.4,11.3,1,1674
Fri Oct 18 2024,1.26,1.33,13806,15,222.5,12.35,14.7,6,0
Fri Oct 18 2024,0.85,0.91,1996,6175,225.0,14.5,14.95,7,772
Fri Oct 18 2024,0.56,0.61,19,11,227.5,15.2,19.1,0,0
Fri Oct 18 2024,0.37,0.41,211,7592,230.0,19.0,21.55,1,483
Fri Oct 18 2024,0.24,0.27,15,2,232.5,21.4,23.95,0,0
Fri Oct 18 2024,0.16,0.19,8270,10314,235.0,22.6,26.4,0,6
Fri Oct 18 2024,0.07,0.1,3208,6192,240.0,27.3,31.35,0,8
Fri Oct 18 2024,0.04,0.05,4,91,245.0,32.25,36.2,0,0
Fri Oct 18 2024,0.0,0.04,4,418,250.0,37.25,41.3,0,0
Fri Oct 18 2024,0.0,0.1,4,165,255.0,42.25,46.2,0,0
Fri Oct 18 2024,0.0,0.2,2,584,260.0,47.25,51.2,0,2
Fri Oct 18 2024,0.0,0.2,0,20,265.0,52.25,56.2,0,0
Fri Oct 18 2024,0.0,0.03,0,205,270.0,57.2,61.25,0,1
Fri Oct 18 2024,0.0,0.19,0,0,275.0,62.2,66.3,0,0
Fri Oct 18 2024,0.0,0.19,0,57,280.0,67.2,71.2,0,0
Fri Oct 18 2024,0.0,0.39,0,0,285.0,72.2,75.95,0,0
Fri Oct 18 2024,0.0,0.19,0,40,290.0,77.2,81.2,0,0
Fri Oct 18 2024,0.0,0.01,0,1,295.0,82.2,86.25,0,0
Fri Oct 18 2024,0.0,0.07,0,5,300.0,87.15,91.2,0,0
Fri Oct 18 2024,0.0,0.19,0,1,305.0,92.15,96.25,0,0
Fri Oct 18 2024,0.0,0.19,0,0,310.0,97.15,101.25,0,12
Fri Oct 25 2024,99.9,103.95,0,0,110.0,0.0,1.28,0,0
Fri Oct 25 2024,94.9,98.95,0,0,115.0,0.0,1.28,0,0
Fri Oct 25 2024,89.9,93.95,0,0,120.0,0.0,1.28,0,0
Fri Oct 25 2024,84.95,88.95,0,0,125.0,0.0,1.28,0,0
Fri Oct 25 2024,79.95,83.95,0,0,130.0,0.0,1.28,0,0
Fri Oct 25 2024,74.95,78.95,0,0,135.0,0.0,1.29,0,4
Fri Oct 25 2024,69.95,73.95,0,0,140.0,0.0,1.29,0,2
Fri Oct 25 2024,64.95,69.0,0,5,145.0,0.0,1.31,0,1
Fri Oct 25 2024,59.75,64.0,0,0,150.0,0.0,0.57,0,2
Fri Oct 25 2024,54.95,59.0,0,0,155.0,0.0,2.15,0,10
Fri Oct 25 2024,50.0,54.0,0,0,160.0,0.06,0.16,0,19
Fri Oct 25 2024,44.7,49.05,0,0,165.0,0.1,0.2,1,27
Fri Oct 25 2024,40.0,44.0,0,0,170.0,0.14,0.25,0,33
Fri Oct 25 2024,35.05,39.1,0,0,175.0,0.21,0.32,0,13
Fri Oct 25 2024,30.05,34.1,0,0,180.0,0.31,0.42,2,73
Fri Oct 25 2024,25.3,29.25,1,2,185.0,0.49,0.6,21,309
Fri Oct 25 2024,21.1,24.45,0,4,190.0,0.71,0.87,18,107
Fri Oct 25 2024,16.85,19.6,2,6,195.0,1.17,1.38,33,280
Fri Oct 25 2024,12.6,13.8,5,64,200.0,1.98,2.19,78,225
Fri Oct 25 2024,7.8,10.5,2,176,205.0,3.2,3.5,269,131
Fri Oct 25 2024,5.55,6.8,15,252,210.0,5.05,5.3,10,55
Fri Oct 25 2024,3.95,4.25,114,768,215.0,5.9,8.75,6,32
Fri Oct 25 2024,2.21,2.45,252,240,220.0,10.35,11.95,24,15
Fri Oct 25 2024,1.09,1.3,106,589,225.0,14.15,15.95,0,9
Fri Oct 25 2024,0.51,0.67,131,476,230.0,18.1,21.4,0,0
Fri Oct 25 2024,0.22,0.29,3,42,235.0,22.15,26.15,0,0
Fri Oct 25 2024,0.09,0.2,0,59,240.0,27.1,31.1,0,0
Fri Oct 25 2024,0.03,0.13,0,3,245.0,32.05,36.1,0,0
Fri Oct 25 2024,0.01,0.1,0,1,250.0,37.05,41.05,0,0
Fri Oct 25 2024,0.0,1.3,0,1,255.0,42.0,46.05,0,0
Fri Oct 25 2024,0.0,1.29,0,0,260.0,47.0,51.35,0,0
Fri Oct 25 2024,0.0,1.29,0,0,265.0,52.0,56.05,0,0
Fri Oct 25 2024,0.0,1.29,0,0,270.0,57.0,61.0,0,0
Fri Oct 25 2024,0.0,1.29,0,1,275.0,62.0,66.0,0,0
Fri Oct 25 2024,0.0,1.29,0,0,280.0,66.95,71.0,0,0
Fri Oct 25 2024,0.0,1.28,0,0,285.0,71.95,76.3,0,0
Fri Oct 25 2024,0.0,1.28,0,0,290.0,76.95,80.95,0,0
Fri Nov 01 2024,99.9,103.7,0,0,110.0,0.0,1.35,0,0
Fri Nov 01 2024,94.6,98.7,0,0,115.0,0.0,1.36,0,0
Fri Nov 01 2024,89.6,93.75,0,0,120.0,0.0,1.36,0,0
Fri Nov 01 2024,84.95,88.75,0,0,125.0,0.0,1.37,0,0
Fri Nov 01 2024,79.95,83.75,0,0,130.0,0.0,1.37,0,0
Fri Nov 01 2024,74.95,78.75,0,0,135.0,0.0,1.37,0,0
Fri Nov 01 2024,69.95,73.75,0,0,140.0,0.0,0.79,0,0
Fri Nov 01 2024,64.7,68.75,0,0,145.0,0.0,1.4,0,0
Fri Nov 01 2024,59.65,63.8,0,0,150.0,0.0,1.42,0,0
Fri Nov 01 2024,54.95,58.8,0,0,155.0,0.0,1.94,0,0
Fri Nov 01 2024,49.7,53.8,0,0,160.0,0.01,1.47,0,3
Fri Nov 01 2024,45.05,48.85,0,0,165.0,0.0,2.31,0,0
Fri Nov 01 2024,40.0,43.9,0,0,170.0,0.06,1.56,0,0
Fri Nov 01 2024,34.95,38.95,0,0,175.0,0.1,1.63,0,0
Fri Nov 01 2024,30.25,34.1,0,21,180.0,0.08,1.71,0,19
Fri Nov 01 2024,25.4,29.2,0,1,185.0,0.49,1.51,1,10
Fri Nov 01 2024,20.65,24.4,0,1,190.0,0.77,1.84,2,23
Fri Nov 01 2024,17.1,19.0,0,11,195.0,1.43,2.11,6,48
Fri Nov 01 2024,12.65,15.85,0,6,200.0,2.31,3.05,7,41
Fri Nov 01 2024,9.95,11.05,2,28,205.0,3.6,4.95,5,24
Fri Nov 01 2024,5.35,7.7,50,135,210.0,4.85,5.9,8,49
Fri Nov 01 2024,3.9,4.95,43,52,215.0,7.05,8.5,9,4
Fri Nov 01 2024,2.42,3.25,35,130,220.0,10.0,13.05,0,1
Fri Nov 01 2024,1.32,1.85,13,227,225.0,14.45,16.65,0,0
Fri Nov 01 2024,0.75,1.16,3,66,230.0,18.95,21.5,0,0
Fri Nov 01 2024,0.17,0.71,0,12,235.0,22.45,26.25,0,0
Fri Nov 01 2024,0.08,0.37,0,5,240.0,27.35,31.15,0,0
Fri Nov 01 2024,0.03,0.49,0,0,245.0,32.3,36.15,0,0
Fri Nov 01 2024,0.01,1.38,0,0,250.0,37.25,41.05,0,0
Fri Nov 01 2024,0.0,1.61,0,2,255.0,42.25,46.05,0,0
Fri Nov 01 2024,0.0,1.15,0,0,260.0,47.25,51.35,0,0
Fri Nov 01 2024,0.0,1.33,0,0,265.0,52.25,56.05,0,0
Fri Nov 01 2024,0.0,1.33,0,0,270.0,57.2,61.0,0,0
Fri Nov 01 2024,0.0,1.32,0,0,275.0,62.2,66.0,0,0
Fri Nov 01 2024,0.0,1.57,0,0,280.0,67.2,71.0,0,0
Fri Nov 01 2024,0.0,1.33,0,0,285.0,72.2,76.3,0,0
Fri Nov 01 2024,0.0,1.32,0,0,290.0,77.2,80.95,0,0
Fri Nov 15 2024,124.9,128.7,0,2,85.0,0.0,0.12,0,8
Fri Nov 15 2024,119.7,123.7,0,0,90.0,0.0,0.24,0,39
Fri Nov 15 2024,114.6,118.7,0,0,95.0,0.0,0.25,0,43
Fri Nov 15 2024,109.7,113.7,0,1,100.0,0.0,0.25,0,168
Fri Nov 15 2024,104.65,108.7,0,1,105.0,0.0,0.25,0,92
Fri Nov 15 2024,99.65,103.7,0,0,110.0,0.02,0.25,0,127
Fri Nov 15 2024,94.6,98.7,0,0,115.0,0.01,0.26,0,77
Fri Nov 15 2024,89.6,93.75,0,1,120.0,0.0,0.26,0,106
Fri Nov 15 2024,84.7,88.75,0,1,125.0,0.03,0.27,0,108
Fri Nov 15 2024,80.4,83.75,0,13,130.0,0.03,0.12,0,315
Fri Nov 15 2024,74.9,78.75,0,7,135.0,0.05,0.3,1,169
Fri Nov 15 2024,69.7,73.8,1,2,140.0,0.06,0.32,0,824
Fri Nov 15 2024,64.7,68.8,0,6,145.0,0.05,0.18,0,585
Fri Nov 15 2024,59.8,63.85,0,14,150.0,0.19,0.22,4,395
Fri Nov 15 2024,54.75,58.65,0,19,155.0,0.24,0.27,6,210
Fri Nov 15 2024,49.85,54.0,0,54,160.0,0.29,0.33,4,613
Fri Nov 15 2024,45.1,49.1,0,78,165.0,0.38,2.52,6,269
Fri Nov 15 2024,40.3,44.25,0,551,170.0,0.49,0.53,91,552
Fri Nov 15 2024,37.15,39.45,0,519,175.0,0.65,2.79,105,1444
Fri Nov 15 2024,32.4,34.7,6,740,180.0,0.87,0.92,83,2332
Fri Nov 15 2024,27.85,28.4,1,308,185.0,1.21,1.26,4636,6471
Fri Nov 15 2024,22.2,25.0,0,712,190.0,1.71,1.87,326,2276
Fri Nov 15 2024,19.1,19.75,1,548,195.0,2.44,4.55,124,3995
Fri Nov 15 2024,15.2,15.8,9,1233,200.0,3.5,3.65,72,4049
Fri Nov 15 2024,11.85,12.05,51,1173,205.0,4.95,5.1,47,2434
Fri Nov 15 2024,8.8,9.0,1192,2592,210.0,6.85,7.05,419,2186
Fri Nov 15 2024,6.3,6.45,420,6536,215.0,9.35,9.55,91,2654
Fri Nov 15 2024,4.25,4.4,235,5155,220.0,12.3,12.65,28,2072
Fri Nov 15 2024,2.71,2.88,506,13406,225.0,15.65,16.3,0,856
Fri Nov 15 2024,1.72,1.79,128,1741,230.0,19.65,20.4,0,246
Fri Nov 15 2024,0.0,1.08,2575,1156,235.0,24.2,26.6,0,0
Fri Nov 15 2024,0.6,0.64,53,4094,240.0,27.45,31.5,0,32
Fri Nov 15 2024,0.35,0.38,26,14,245.0,32.35,36.4,0,1
Fri Nov 15 2024,0.21,0.24,56,328,250.0,37.25,41.3,0,2
Fri Nov 15 2024,0.13,0.16,0,7,255.0,42.25,46.3,0,0
Fri Nov 15 2024,0.08,0.11,0,96,260.0,47.25,51.35,0,0
Fri Nov 15 2024,0.05,0.08,0,1,265.0,52.25,56.3,0,0
Fri Nov 15 2024,0.02,0.14,2,116,270.0,57.2,61.2,0,4
Fri Nov 15 2024,0.01,0.26,0,0,275.0,62.2,66.2,0,0
Fri Nov 15 2024,0.0,0.25,0,28,280.0,67.2,71.3,0,0
Fri Nov 15 2024,0.0,1.69,0,0,285.0,72.2,76.3,0,0
Fri Nov 15 2024,0.0,0.23,0,60,290.0,77.2,81.25,0,0
Fri Nov 15 2024,0.0,0.23,0,0,295.0,82.15,86.2,0,0
Fri Nov 15 2024,0.0,0.23,0,0,300.0,87.15,91.2,0,0
Fri Nov 15 2024,0.0,0.22,0,0,305.0,92.15,96.2,0,0
Fri Nov 15 2024,0.0,0.22,0,0,310.0,97.15,101.25,0,0
Fri Dec 20 2024,124.85,128.7,0,2,85.0,0.01,0.15,0,53
Fri Dec 20 2024,119.65,123.7,0,1,90.0,0.0,2.14,0,39
Fri Dec 20 2024,114.65,118.7,0,2,95.0,0.0,2.15,0,51
Fri Dec 20 2024,109.65,113.7,0,6,100.0,0.03,0.24,0,336
Fri Dec 20 2024,104.6,108.75,0,3,105.0,0.0,0.26,0,42
Fri Dec 20 2024,99.65,103.85,0,8,110.0,0.03,0.27,0,109
Fri Dec 20 2024,94.7,98.9,0,14,115.0,0.0,0.28,0,232
Fri Dec 20 2024,89.9,94.0,0,95,120.0,0.05,0.3,0,364
Fri Dec 20 2024,84.9,88.8,0,17,125.0,0.05,0.32,0,280
Fri Dec 20 2024,80.1,84.2,0,33,130.0,0.0,2.27,0,1128
Fri Dec 20 2024,75.05,79.3,0,18,135.0,0.03,0.21,0,231
Fri Dec 20 2024,70.2,74.4,0,92,140.0,0.04,0.25,2,283
Fri Dec 20 2024,65.4,69.5,29,124,145.0,0.27,0.31,0,237
Fri Dec 20 2024,60.65,64.65,16,74,150.0,0.06,0.47,2,464
Fri Dec 20 2024,56.05,59.8,0,119,155.0,0.42,0.46,2,579
Fri Dec 20 2024,50.75,54.95,0,216,160.0,0.53,0.56,30,1239
Fri Dec 20 2024,46.05,50.15,0,209,165.0,0.67,0.71,2,1144
Fri Dec 20 2024,41.2,45.4,0,318,170.0,0.85,0.9,9,1863
Fri Dec 20 2024,36.5,40.35,0,387,175.0,1.11,1.16,0,3609
Fri Dec 20 2024,33.85,34.55,0,670,180.0,1.46,1.52,40,4121
Fri Dec 20 2024,29.35,30.05,1,596,185.0,1.94,2.02,9,2038
Fri Dec 20 2024,24.0,25.8,0,1446,190.0,2.25,3.1,53,9532
Fri Dec 20 2024,19.85,21.7,15,2362,195.0,3.5,3.65,86,1373
Fri Dec 20 2024,17.3,17.9,39,2741,200.0,4.7,4.85,354,7963
Fri Dec 20 2024,12.4,15.5,83,1338,205.0,6.2,6.4,102,2008
Fri Dec 20 2024,10.9,11.2,261,4240,210.0,8.15,8.3,187,3311
Fri Dec 20 2024,8.3,8.45,178,1737,215.0,10.55,10.7,9,970
Fri Dec 20 2024,6.05,6.25,395,2215,220.0,13.15,15.45,4,647
Fri Dec 20 2024,4.3,4.45,107,2443,225.0,15.35,18.75,1,319
Fri Dec 20 2024,2.95,3.05,32,2949,230.0,20.25,22.6,0,151
Fri Dec 20 2024,1.97,2.1,522,262,235.0,24.5,25.2,8,8
Fri Dec 20 2024,1.28,1.35,1616,6548,240.0,27.9,31.35,0,6
Fri Dec 20 2024,0.83,0.88,6,309,245.0,32.4,36.3,0,0
Fri Dec 20 2024,0.54,0.58,35,2667,250.0,37.3,40.8,0,1
Fri Dec 20 2024,0.35,0.39,0,24,255.0,42.25,46.35,0,0
Fri Dec 20 2024,0.24,0.27,1,571,260.0,47.25,51.35,0,0
Fri Dec 20 2024,0.17,0.2,0,110,265.0,52.2,56.3,0,0
Fri Dec 20 2024,0.12,0.15,0,894,270.0,57.2,61.25,0,0
Fri Dec 20 2024,0.09,0.11,0,7,275.0,62.2,66.25,0,0
Fri Dec 20 2024,0.06,0.09,1,78,280.0,67.2,71.3,0,1
Fri Dec 20 2024,0.03,0.27,0,1,285.0,72.2,76.3,0,0
Fri Dec 20 2024,0.0,0.27,0,264,290.0,77.2,81.3,0,0
Fri Dec 20 2024,0.0,0.5,0,56,300.0,87.15,91.25,0,0
Fri Jan 17 2025,154.55,158.65,0,32,55.0,0.01,0.06,26,4395
Fri Jan 17 2025,149.55,153.65,0,16,60.0,0.0,0.12,0,452
Fri Jan 17 2025,144.8,148.65,0,4,65.0,0.0,0.16,0,461
Fri Jan 17 2025,139.55,143.65,0,31,70.0,0.0,0.15,0,734
Fri Jan 17 2025,134.8,138.65,0,36,75.0,0.0,0.23,0,2093
Fri Jan 17 2025,129.55,133.7,0,20,80.0,0.01,0.23,0,919
Fri Jan 17 2025,124.6,128.7,0,8,85.0,0.0,0.23,0,265
Fri Jan 17 2025,119.55,123.75,0,163,90.0,0.0,0.25,0,1847
Fri Jan 17 2025,114.65,118.8,0,30,95.0,0.06,0.26,0,2612
Fri Jan 17 2025,109.7,113.9,0,535,100.0,0.1,0.2,0,1675
Fri Jan 17 2025,104.8,109.0,0,570,105.0,0.05,0.3,0,3869
Fri Jan 17 2025,99.95,104.05,1,301,110.0,0.01,0.25,0,6536
Fri Jan 17 2025,95.1,99.15,1,1969,115.0,0.1,0.36,0,5067
Fri Jan 17 2025,90.35,94.25,0,3251,120.0,0.1,0.41,12,9353
Fri Jan 17 2025,85.35,89.35,0,415,125.0,0.2,0.25,6,8695
Fri Jan 17 2025,80.75,84.5,0,3752,130.0,0.05,0.3,0,14081
Fri Jan 17 2025,75.45,79.15,0,1316,135.0,0.1,2.46,0,8428
Fri Jan 17 2025,70.65,74.75,0,2998,140.0,0.0,0.43,1,9706
Fri Jan 17 2025,66.7,69.85,0,2298,145.0,0.09,1.7,0,3231
Fri Jan 17 2025,61.35,65.05,1,2633,150.0,0.11,1.01,10,10781
Fri Jan 17 2025,56.55,59.3,0,2934,155.0,0.14,2.85,0,8874
Fri Jan 17 2025,51.4,55.45,7,4466,160.0,0.35,0.94,5,4199
Fri Jan 17 2025,47.7,50.7,0,2910,165.0,1.11,1.17,2,2476
Fri Jan 17 2025,43.8,46.05,0,4975,170.0,1.4,3.55,1,3117
Fri Jan 17 2025,39.2,39.85,0,3947,175.0,1.78,3.95,14,3545
Fri Jan 17 2025,34.7,35.35,0,4176,180.0,2.28,2.4,10,4714
Fri Jan 17 2025,30.35,31.05,14,4925,185.0,2.92,3.05,2,4506
Fri Jan 17 2025,26.2,26.85,0,2702,190.0,3.75,3.95,5,4815
Fri Jan 17 2025,22.3,24.65,0,3591,195.0,4.8,4.95,7,5050
Fri Jan 17 2025,18.6,21.0,27,4332,200.0,6.1,6.3,57,3997
Fri Jan 17 2025,13.8,15.75,10,1346,205.0,7.75,7.9,21,2546
Fri Jan 17 2025,12.4,12.65,53,5101,210.0,9.7,9.9,8,2728
Fri Jan 17 2025,9.8,10.0,280,4462,215.0,12.05,12.25,165,2436
Fri Jan 17 2025,7.55,7.7,75,6206,220.0,12.85,16.95,4,1496
Fri Jan 17 2025,5.65,5.85,10,1766,225.0,17.85,19.1,14,673
Fri Jan 17 2025,4.15,4.3,29,6698,230.0,21.35,23.65,2,400
Fri Jan 17 2025,3.0,3.15,22,2256,235.0,23.7,25.95,1,1
Fri Jan 17 2025,2.15,2.24,106,8024,240.0,29.5,30.25,0,429
Fri Jan 17 2025,1.52,1.59,108,105,245.0,34.05,34.9,0,0
Fri Jan 17 2025,1.06,1.12,203,2659,250.0,37.4,41.35,0,1
Fri Jan 17 2025,0.74,0.8,0,72,255.0,42.3,46.25,0,0
Fri Jan 17 2025,0.52,0.57,4,1469,260.0,47.25,51.05,0,1
Fri Jan 17 2025,0.37,0.41,2,5,265.0,52.25,56.2,0,0
Fri Jan 17 2025,0.27,0.31,0,1885,270.0,57.2,61.0,0,0
Fri Jan 17 2025,0.2,0.23,0,10,275.0,62.2,66.3,0,0
Fri Jan 17 2025,0.15,0.18,0,1754,280.0,67.2,71.15,0,0
Fri Jan 17 2025,0.11,0.14,0,200,285.0,72.2,76.15,0,0
Fri Jan 17 2025,0.08,0.11,0,390,290.0,77.2,81.15,0,0
Fri Jan 17 2025,0.0,0.18,0,426,300.0,87.15,90.95,0,9
Fri Feb 21 2025,100.2,104.1,0,2,110.0,0.09,0.46,0,13
Fri Feb 21 2025,95.1,99.2,0,4,115.0,0.18,0.29,0,12
Fri Feb 21 2025,90.15,94.3,0,0,120.0,0.22,0.33,0,8
Fri Feb 21 2025,85.3,89.45,0,0,125.0,0.27,0.39,0,8
Fri Feb 21 2025,80.65,84.55,0,0,130.0,0.34,0.45,0,20
Fri Feb 21 2025,75.65,79.7,0,0,135.0,0.42,0.54,0,25
Fri Feb 21 2025,70.7,74.85,0,0,140.0,0.51,0.63,10,26
Fri Feb 21 2025,66.0,70.05,0,1,145.0,0.63,0.75,10,16
Fri Feb 21 2025,61.3,65.25,0,0,150.0,0.78,0.9,0,59
Fri Feb 21 2025,56.35,60.5,0,8,155.0,0.95,1.09,3,60
Fri Feb 21 2025,52.4,54.25,0,1,160.0,1.17,1.33,12,22
Fri Feb 21 2025,48.15,49.65,0,0,165.0,1.45,1.62,2,41
Fri Feb 21 2025,44.25,46.6,0,2,170.0,1.79,1.99,3,15
Fri Feb 21 2025,39.75,40.55,0,9,175.0,2.24,4.45,4,210
Fri Feb 21 2025,35.45,36.2,0,61,180.0,2.83,3.05,0,274
Fri Feb 21 2025,31.25,33.35,0,23,185.0,3.55,3.8,5,172
Fri Feb 21 2025,27.25,29.6,4,24,190.0,4.45,4.75,0,241
Fri Feb 21 2025,23.45,25.85,11,26,195.0,5.6,5.9,1,406
Fri Feb 21 2025,19.9,21.95,10,174,200.0,7.0,7.3,29,228
Fri Feb 21 2025,16.55,18.8,11,101,205.0,8.7,8.95,4,252
Fri Feb 21 2025,13.8,14.25,17,318,210.0,10.7,10.95,65,316
Fri Feb 21 2025,11.2,11.45,17,455,215.0,13.05,13.3,21,153
Fri Feb 21 2025,8.9,9.15,72,255,220.0,15.65,16.15,0,65
Fri Feb 21 2025,6.9,7.2,24,257,225.0,18.5,20.0,0,15
Fri Feb 21 2025,5.3,5.55,0,394,230.0,21.95,24.3,0,1
Fri Feb 21 2025,3.95,4.25,28,1494,235.0,25.7,28.1,0,0
Fri Feb 21 2025,2.94,3.2,87,369,240.0,29.8,32.15,0,0
Fri Feb 21 2025,2.14,2.36,0,113,245.0,34.15,36.6,0,2
Fri Feb 21 2025,1.55,1.75,4,1799,250.0,38.8,39.9,0,0
Fri Feb 21 2025,1.14,1.3,0,21,255.0,42.35,46.3,0,1
Fri Feb 21 2025,0.8,0.97,0,28,260.0,47.25,51.05,0,0
Fri Feb 21 2025,0.59,0.73,0,12,265.0,52.25,56.1,0,0
Fri Feb 21 2025,0.43,0.56,0,48,270.0,57.2,61.0,0,0
Fri Feb 21 2025,0.31,0.44,0,2,275.0,62.2,66.0,0,0
Fri Feb 21 2025,0.23,0.35,0,9,280.0,67.2,71.15,0,0
Fri Feb 21 2025,0.17,0.29,0,1,285.0,72.2,76.15,0,0
Fri Feb 21 2025,0.13,0.24,0,8,290.0,77.2,81.0,0,0
Fri Feb 21 2025,0.09,0.2,0,1,295.0,82.15,86.15,0,0
Fri Feb 21 2025,0.07,0.17,0,0,300.0,87.15,90.95,0,0
Fri Feb 21 2025,0.05,1.54,0,0,305.0,92.15,95.95,0,0
Fri Feb 21 2025,0.0,0.36,0,0,310.0,97.15,100.95,0,0
Fri Feb 21 2025,0.0,0.35,0,0,315.0,102.15,105.95,0,0
Fri Feb 21 2025,0.0,2.18,0,0,320.0,107.15,111.1,0,0
Fri Mar 21 2025,114.7,118.85,0,0,95.0,0.06,0.36,0,71
Fri Mar 21 2025,110.2,113.95,0,4,100.0,0.15,0.35,0,329
Fri Mar 21 2025,104.9,109.05,0,1,105.0,0.09,0.42,0,9
Fri Mar 21 2025,100.3,104.15,0,0,110.0,0.04,0.26,0,195
Fri Mar 21 2025,95.15,99.3,0,1,115.0,0.09,0.31,0,165
Fri Mar 21 2025,90.35,94.4,0,6,120.0,0.16,0.37,20,98
Fri Mar 21 2025,85.4,89.55,2,9,125.0,0.07,0.44,0,920
Fri Mar 21 2025,80.6,84.4,1,12,130.0,0.48,0.52,0,149
Fri Mar 21 2025,75.75,78.4,0,8,135.0,0.57,0.62,0,103
Fri Mar 21 2025,71.05,75.15,0,51,140.0,0.7,0.75,40,274
Fri Mar 21 2025,66.35,70.4,27,57,145.0,0.83,0.88,0,442
Fri Mar 21 2025,61.5,65.7,26,35,150.0,1.01,1.46,7,1072
Fri Mar 21 2025,57.65,61.05,0,730,155.0,1.22,3.35,10,308
Fri Mar 21 2025,53.35,56.2,0,267,160.0,1.5,3.65,14,671
Fri Mar 21 2025,47.8,51.6,1,1083,165.0,1.82,4.0,0,1165
Fri Mar 21 2025,45.1,47.4,5,217,170.0,0.25,2.32,0,2780
Fri Mar 21 2025,40.75,41.45,0,152,175.0,2.61,4.85,6,1994
Fri Mar 21 2025,36.5,38.85,1,121,180.0,3.4,3.55,62,2238
Fri Mar 21 2025,32.35,33.1,0,208,185.0,4.2,4.35,0,1418
Fri Mar 21 2025,28.5,30.5,0,894,190.0,5.2,5.35,32,1053
Fri Mar 21 2025,24.75,27.15,0,460,195.0,5.9,8.55,2,2627
Fri Mar 21 2025,19.6,23.15,1,2236,200.0,7.8,8.0,0,800
Fri Mar 21 2025,16.3,18.8,14,96,205.0,9.5,9.7,21,760
Fri Mar 21 2025,13.75,17.45,7,2575,210.0,11.5,11.7,0,608
Fri Mar 21 2025,12.55,12.8,8,732,215.0,13.8,14.05,17,438
Fri Mar 21 2025,10.2,10.4,67,1534,220.0,16.3,18.55,1,754
Fri Mar 21 2025,8.15,8.35,18,628,225.0,19.25,21.55,8,210
Fri Mar 21 2025,4.45,6.6,17,2270,230.0,22.55,24.85,0,88
Fri Mar 21 2025,5.0,5.15,3,652,235.0,26.25,28.55,0,3
Fri Mar 21 2025,3.8,4.0,179,1156,240.0,30.25,32.55,1,15
Fri Mar 21 2025,2.92,3.05,2,372,245.0,34.5,35.35,0,0
Fri Mar 21 2025,1.0,2.28,4,908,250.0,37.65,41.15,0,4
Fri Mar 21 2025,0.32,1.72,1,244,255.0,42.4,46.35,0,0
Fri Mar 21 2025,1.23,1.3,15,219,260.0,47.3,51.1,0,1
Fri Mar 21 2025,0.92,0.98,0,13,265.0,52.25,56.2,0,1
Fri Mar 21 2025,0.7,0.75,225,95,270.0,57.2,61.2,0,0
Fri Mar 21 2025,0.53,0.58,225,20,275.0,62.2,66.15,0,0
Fri Mar 21 2025,0.41,0.46,0,101,280.0,67.2,71.15,0,0
Fri Mar 21 2025,0.32,0.37,0,19,285.0,72.2,76.0,0,0
Fri Mar 21 2025,0.25,0.3,0,46,290.0,77.2,81.0,0,0
Fri Mar 21 2025,0.04,0.25,0,7,295.0,82.15,85.95,0,0
Fri Mar 21 2025,0.17,0.2,0,28,300.0,87.15,90.95,0,0
Fri Mar 21 2025,0.02,0.17,0,1,305.0,92.15,96.15,0,0
Fri Mar 21 2025,0.11,0.15,0,42,310.0,97.15,100.95,0,0
Fri Mar 21 2025,0.09,0.12,0,0,315.0,102.15,106.1,0,0
Fri Mar 21 2025,0.0,0.33,0,0,320.0,107.15,110.95,0,0
Fri Jun 20 2025,139.85,143.65,0,0,70.0,0.02,0.38,0,1634
Fri Jun 20 2025,134.85,138.65,0,0,75.0,0.04,0.4,0,35
Fri Jun 20 2025,129.55,133.7,0,1,80.0,0.06,0.44,0,26
Fri Jun 20 2025,124.9,128.7,0,1,85.0,0.12,0.47,0,60
Fri Jun 20 2025,119.65,123.8,0,4,90.0,0.11,0.51,0,102
Fri Jun 20 2025,114.75,118.9,0,0,95.0,0.0,0.52,0,203
Fri Jun 20 2025,109.95,114.05,0,9,100.0,0.06,0.56,0,260
Fri Jun 20 2025,105.0,109.15,0,1,105.0,0.12,1.5,0,46
Fri Jun 20 2025,100.25,104.35,0,28,110.0,0.45,0.51,6,207
Fri Jun 20 2025,95.35,99.5,0,102,115.0,0.54,0.61,0,446
Fri Jun 20 2025,90.6,94.75,0,3,120.0,0.12,0.9,0,1357
Fri Jun 20 2025,85.75,90.0,0,14,125.0,0.74,1.02,0,559
Fri Jun 20 2025,81.05,85.25,1,16,130.0,0.93,1.17,0,697
Fri Jun 20 2025,76.3,80.55,0,155,135.0,0.21,1.35,0,1874
Fri Jun 20 2025,71.65,75.9,0,134,140.0,1.29,1.56,0,794
Fri Jun 20 2025,67.2,71.0,2,257,145.0,1.12,1.81,0,1400
Fri Jun 20 2025,62.75,66.55,0,401,150.0,1.14,2.12,0,2696
Fri Jun 20 2025,58.8,62.25,0,243,155.0,1.37,2.48,0,1095
Fri Jun 20 2025,55.4,57.65,2,368,160.0,2.1,4.8,0,504
Fri Jun 20 2025,51.05,52.0,1,371,165.0,3.1,3.4,9,1308
Fri Jun 20 2025,46.85,47.7,0,1256,170.0,3.75,3.9,0,3719
Fri Jun 20 2025,42.7,43.6,0,686,175.0,4.45,4.65,0,984
Fri Jun 20 2025,38.75,41.2,0,2502,180.0,5.25,5.5,0,2373
Fri Jun 20 2025,33.35,36.7,0,698,185.0,6.35,6.55,34,1640
Fri Jun 20 2025,31.2,33.35,0,542,190.0,7.35,7.75,1,1926
Fri Jun 20 2025,26.5,29.55,1,331,195.0,8.9,11.1,5,1649
Fri Jun 20 2025,24.4,26.85,0,1006,200.0,10.2,10.7,0,1852
Fri Jun 20 2025,21.25,23.75,0,36,205.0,12.25,12.5,0,113
Fri Jun 20 2025,18.35,19.2,13,4144,210.0,14.25,14.55,0,3321
Fri Jun 20 2025,16.0,16.3,42,253,215.0,16.55,18.75,1,68
Fri Jun 20 2025,13.6,13.9,7,3402,220.0,19.1,19.4,2,901
Fri Jun 20 2025,11.5,11.75,34,149,225.0,21.7,24.1,0,52
Fri Jun 20 2025,9.6,9.85,6,4217,230.0,24.8,27.2,0,182
Fri Jun 20 2025,7.95,9.15,0,215,235.0,28.2,29.1,0,0
Fri Jun 20 2025,6.55,6.75,10,1979,240.0,31.85,34.2,0,16
Fri Jun 20 2025,5.35,5.55,0,38,245.0,35.75,36.75,0,0
Fri Jun 20 2025,4.35,4.5,25,1319,250.0,39.85,42.35,0,295
Fri Jun 20 2025,3.5,3.65,0,40,255.0,44.25,45.4,0,0
Fri Jun 20 2025,2.83,2.94,2,989,260.0,48.8,51.35,0,1
Fri Jun 20 2025,2.09,2.56,1,1,265.0,52.35,56.2,0,0
Fri Jun 20 2025,0.07,1.93,0,595,270.0,57.25,61.2,0,0
Fri Jun 20 2025,0.28,1.55,0,15,275.0,62.2,65.9,0,0
Fri Jun 20 2025,0.23,3.3,1,145,280.0,67.2,71.0,0,0
Fri Jun 20 2025,0.9,3.1,0,7,285.0,72.2,76.15,0,0
Fri Jun 20 2025,0.75,2.89,0,172,290.0,77.2,80.7,0,0
Fri Jun 20 2025,0.5,2.64,0,86,300.0,87.15,90.95,0,1
Fri Jun 20 2025,0.35,0.4,0,30,310.0,97.15,101.1,0,0
Fri Jun 20 2025,0.25,0.3,0,47,320.0,107.15,110.9,0,0
Fri Jul 18 2025,105.0,109.4,0,0,105.0,0.21,1.3,0,13
Fri Jul 18 2025,100.0,104.9,0,0,110.0,0.26,1.0,0,12
Fri Jul 18 2025,95.2,100.0,0,0,115.0,0.35,1.97,0,0
Fri Jul 18 2025,90.5,95.0,0,0,120.0,0.5,1.25,0,0
Fri Jul 18 2025,85.5,90.4,0,0,125.0,0.65,2.24,0,1
Fri Jul 18 2025,81.0,85.7,0,0,130.0,0.85,1.6,0,0
Fri Jul 18 2025,76.5,80.9,0,1,135.0,1.05,1.8,0,0
Fri Jul 18 2025,72.0,76.2,0,0,140.0,1.32,2.89,0,5
Fri Jul 18 2025,68.25,72.0,0,1,145.0,1.71,2.19,0,2
Fri Jul 18 2025,62.55,67.5,0,4,150.0,1.78,2.78,0,3
Fri Jul 18 2025,58.5,62.25,0,2,155.0,2.46,2.78,0,1
Fri Jul 18 2025,55.15,57.15,0,0,160.0,2.53,4.25,0,0
Fri Jul 18 2025,49.5,54.2,0,0,165.0,2.93,5.85,0,1
Fri Jul 18 2025,45.95,49.7,0,6,170.0,3.3,6.5,0,0
Fri Jul 18 2025,41.6,45.85,0,5,175.0,4.95,7.35,0,0
Fri Jul 18 2025,38.65,41.2,0,3,180.0,5.15,8.1,0,2
Fri Jul 18 2025,35.15,37.3,1,2,185.0,6.95,9.35,0,5
Fri Jul 18 2025,30.2,33.3,0,9,190.0,8.15,9.85,0,138
Fri Jul 18 2025,27.1,30.3,1,3,195.0,9.7,12.0,3,89
Fri Jul 18 2025,25.25,27.2,0,3,200.0,10.6,12.5,250,503
Fri Jul 18 2025,21.4,24.15,0,15,205.0,13.15,14.35,0,22
Fri Jul 18 2025,18.0,22.0,0,5,210.0,15.1,16.2,0,12
Fri Jul 18 2025,15.2,18.35,0,0,215.0,16.85,18.45,0,17
Fri Jul 18 2025,12.9,16.0,250,527,220.0,19.95,21.25,0,40
Fri Jul 18 2025,11.75,14.15,0,5,225.0,22.45,23.7,0,0
Fri Jul 18 2025,8.6,11.95,0,8,230.0,25.3,27.2,0,1
Fri Jul 18 2025,8.2,9.6,0,95,235.0,28.8,30.65,0,0
Fri Jul 18 2025,5.5,8.1,0,20,240.0,30.65,35.2,0,0
Fri Jul 18 2025,4.4,7.45,0,75,245.0,34.75,38.75,0,0
Fri Jul 18 2025,3.95,5.65,0,92,250.0,39.15,42.95,0,0
Fri Jul 18 2025,2.71,4.9,1,15,255.0,44.2,47.5,0,0
Fri Jul 18 2025,1.8,4.9,1,28,260.0,47.6,51.25,0,0
Fri Jul 18 2025,2.63,4.05,0,69,265.0,52.65,56.7,0,0
Fri Jul 18 2025,1.98,2.6,0,1,270.0,56.8,61.5,0,0
Fri Jul 18 2025,0.0,3.8,0,210,275.0,61.7,66.5,0,0
Fri Jul 18 2025,0.74,1.96,0,0,280.0,66.7,71.5,0,0
Fri Jul 18 2025,0.0,3.05,0,0,285.0,72.2,76.5,0,0
Fri Jul 18 2025,0.66,1.17,0,0,290.0,76.7,81.5,0,0
Fri Jul 18 2025,0.0,2.82,0,0,295.0,81.7,86.5,0,0
Fri Jul 18 2025,0.0,1.94,0,0,300.0,86.7,91.5,0,0
Fri Jul 18 2025,0.0,2.1,0,0,305.0,91.5,96.0,0,0
Fri Jul 18 2025,0.01,0.88,0,0,310.0,96.7,101.5,0,0
Fri Jul 18 2025,0.0,2.5,0,0,315.0,102.0,106.5,0,0
Fri Jul 18 2025,0.0,2.44,0,0,320.0,106.8,111.5,0,0
Fri Jul 18 2025,0.0,2.38,0,0,325.0,111.7,116.5,0,0
Fri Jul 18 2025,0.0,2.35,0,0,330.0,116.7,121.5,0,0
Fri Aug 15 2025,105.0,109.7,0,1,105.0,0.24,0.95,0,10
Fri Aug 15 2025,100.05,105.0,0,0,110.0,0.3,1.05,0,5
Fri Aug 15 2025,95.8,99.7,0,0,115.0,0.45,1.2,0,3
Fri Aug 15 2025,90.5,95.0,0,0,120.0,0.6,1.35,0,3
Fri Aug 15 2025,86.0,90.2,0,0,125.0,0.75,1.5,0,0
Fri Aug 15 2025,81.05,85.9,0,0,130.0,0.95,1.7,0,27
Fri Aug 15 2025,76.5,81.0,0,0,135.0,1.02,2.48,0,10
Fri Aug 15 2025,72.2,76.15,0,0,140.0,1.11,2.68,0,8
Fri Aug 15 2025,68.5,72.3,0,0,145.0,1.7,4.2,0,10
Fri Aug 15 2025,64.1,66.75,0,2,150.0,2.18,2.83,0,7
Fri Aug 15 2025,59.8,61.85,0,0,155.0,1.76,4.05,0,59
Fri Aug 15 2025,55.5,58.0,0,5,160.0,1.97,3.75,0,5
Fri Aug 15 2025,51.55,53.7,0,5,165.0,2.82,5.25,0,22
Fri Aug 15 2025,47.05,49.1,0,18,170.0,3.7,5.45,0,141
Fri Aug 15 2025,42.2,45.1,0,9,175.0,4.7,7.7,0,65
Fri Aug 15 2025,38.6,41.05,3,2,180.0,4.8,7.85,0,61
Fri Aug 15 2025,35.75,37.45,0,1,185.0,6.75,9.9,0,182
Fri Aug 15 2025,32.1,34.4,1,19,190.0,8.65,9.35,0,19
Fri Aug 15 2025,28.4,31.0,0,1,195.0,8.65,12.7,0,50
Fri Aug 15 2025,24.9,28.15,0,58,200.0,11.4,14.8,0,86
Fri Aug 15 2025,22.75,26.0,0,12,205.0,13.15,16.1,0,37
Fri Aug 15 2025,20.05,21.4,5,63,210.0,15.5,16.85,0,50
Fri Aug 15 2025,17.65,18.5,0,34,215.0,18.15,19.45,0,44
Fri Aug 15 2025,14.85,16.5,0,60,220.0,19.9,23.1,0,315
Fri Aug 15 2025,12.75,16.0,0,8,225.0,22.8,25.6,0,12
Fri Aug 15 2025,10.8,11.95,0,94,230.0,26.35,27.8,0,7
Fri Aug 15 2025,9.1,10.35,0,11,235.0,29.5,31.8,0,0
Fri Aug 15 2025,7.7,8.75,0,94,240.0,31.0,35.1,0,0
Fri Aug 15 2025,4.8,7.4,0,57,245.0,36.35,39.0,0,0
Fri Aug 15 2025,5.45,6.25,0,539,250.0,39.7,42.2,0,0
Fri Aug 15 2025,4.55,5.2,0,11,255.0,43.25,46.95,0,0
Fri Aug 15 2025,2.4,4.35,0,48,260.0,49.05,51.2,0,0
Fri Aug 15 2025,2.29,3.65,0,27,265.0,52.95,56.6,0,0
Fri Aug 15 2025,2.49,3.0,2,13,270.0,56.8,61.5,0,0
Fri Aug 15 2025,1.09,2.6,0,1,275.0,61.7,66.5,0,0
Fri Aug 15 2025,1.47,2.46,0,0,280.0,67.2,71.5,0,0
Fri Aug 15 2025,0.04,1.92,0,0,285.0,72.2,76.5,0,0
Fri Aug 15 2025,0.0,2.82,0,0,290.0,76.9,81.5,0,0
Fri Aug 15 2025,0.0,2.55,0,20,300.0,86.7,91.5,0,0
Fri Aug 15 2025,0.2,0.95,0,0,310.0,96.8,101.5,0,0
Fri Aug 15 2025,0.0,2.51,0,0,320.0,106.7,111.5,0,0
Fri Aug 15 2025,0.0,2.4,0,0,330.0,116.7,121.5,0,0
Fri Sep 19 2025,105.0,110.0,0,0,105.0,0.27,1.0,2,10
Fri Sep 19 2025,100.15,105.0,0,0,110.0,0.35,1.1,0,8
Fri Sep 19 2025,95.9,100.15,0,0,115.0,0.5,1.25,0,6
Fri Sep 19 2025,90.55,95.5,0,0,120.0,0.7,1.45,0,5
Fri Sep 19 2025,86.2,91.0,0,0,125.0,0.85,1.6,0,10
Fri Sep 19 2025,81.5,86.5,0,0,130.0,1.1,1.66,0,100
Fri Sep 19 2025,77.2,81.5,0,0,135.0,1.56,2.36,0,2
Fri Sep 19 2025,72.6,77.0,0,0,140.0,1.17,2.79,0,15
Fri Sep 19 2025,68.35,71.6,0,0,145.0,1.42,2.8,0,1
Fri Sep 19 2025,63.5,67.85,0,0,150.0,1.64,3.55,0,203
Fri Sep 19 2025,59.0,62.65,0,1,155.0,2.86,5.4,0,24
Fri Sep 19 2025,56.0,58.05,0,2,160.0,2.25,4.45,0,16
Fri Sep 19 2025,51.25,53.75,0,10,165.0,3.45,5.3,11,60
Fri Sep 19 2025,47.85,51.3,0,0,170.0,3.4,6.65,0,13
Fri Sep 19 2025,43.4,47.5,0,2,175.0,4.5,6.9,0,68
Fri Sep 19 2025,39.55,42.05,1,23,180.0,5.55,9.4,0,91
Fri Sep 19 2025,36.45,39.5,0,5,185.0,8.2,8.9,23,167
Fri Sep 19 2025,32.4,34.65,0,21,190.0,9.3,11.95,0,1
Fri Sep 19 2025,29.1,33.0,0,16,195.0,10.45,13.15,0,0
Fri Sep 19 2025,25.0,29.95,0,52,200.0,11.15,13.6,32,442
Fri Sep 19 2025,23.95,25.6,0,92,205.0,13.9,17.1,0,77
Fri Sep 19 2025,20.05,22.45,7,54,210.0,15.95,19.3,0,43
Fri Sep 19 2025,18.1,19.5,15,23,215.0,17.15,19.8,0,223
Fri Sep 19 2025,15.9,17.8,0,7,220.0,20.7,22.2,0,57
Fri Sep 19 2025,13.7,15.55,0,16,225.0,24.1,27.0,0,22
Fri Sep 19 2025,10.4,12.9,1,64,230.0,26.2,29.8,0,7
Fri Sep 19 2025,8.85,11.6,5,45,235.0,29.95,31.25,0,0
Fri Sep 19 2025,9.0,9.95,0,35,240.0,32.55,34.95,0,0
Fri Sep 19 2025,7.4,8.45,0,70,245.0,35.9,39.8,0,0
Fri Sep 19 2025,6.35,8.6,0,181,250.0,40.3,43.8,0,0
Fri Sep 19 2025,5.4,7.65,0,170,255.0,44.85,47.75,0,0
Fri Sep 19 2025,2.93,6.75,1,35,260.0,47.95,51.5,0,0
Fri Sep 19 2025,3.0,4.4,0,8,265.0,52.1,55.6,0,0
Fri Sep 19 2025,1.95,5.35,0,0,270.0,57.0,62.0,0,0
Fri Sep 19 2025,0.88,3.85,0,1,275.0,61.55,66.5,0,0
Fri Sep 19 2025,2.03,4.35,0,5,280.0,66.5,71.5,0,0
Fri Sep 19 2025,1.16,2.93,0,0,285.0,71.55,76.5,0,0
Fri Sep 19 2025,0.7,1.96,0,1,290.0,76.55,81.5,0,0
Fri Sep 19 2025,0.87,1.39,0,0,300.0,86.5,91.5,0,0
Fri Sep 19 2025,0.15,2.83,0,0,310.0,96.5,101.5,0,0
Fri Sep 19 2025,0.01,2.1,0,0,320.0,106.55,111.5,0,0
Fri Dec 19 2025,144.5,149.5,0,2,65.0,0.06,0.4,0,194
Fri Dec 19 2025,139.5,144.5,0,1,70.0,0.1,1.51,0,354
Fri Dec 19 2025,134.5,139.5,0,22,75.0,0.12,0.48,0,364
Fri Dec 19 2025,129.5,134.5,0,79,80.0,0.25,0.51,0,231
Fri Dec 19 2025,124.5,129.5,0,146,85.0,0.0,0.59,0,175
Fri Dec 19 2025,119.5,124.5,0,11,90.0,0.0,0.69,0,594
Fri Dec 19 2025,114.5,119.5,0,5,95.0,0.52,0.8,0,200
Fri Dec 19 2025,110.0,114.5,0,29,100.0,0.64,0.93,0,375
Fri Dec 19 2025,105.05,109.95,0,77,105.0,0.79,1.08,0,152
Fri Dec 19 2025,100.5,105.0,0,192,110.0,0.95,1.26,0,380
Fri Dec 19 2025,95.5,100.5,0,76,115.0,1.15,1.46,0,440
Fri Dec 19 2025,91.0,96.0,0,108,120.0,1.36,1.7,0,939
Fri Dec 19 2025,86.5,91.5,0,181,125.0,1.62,1.97,0,755
Fri Dec 19 2025,82.0,86.5,0,3827,130.0,1.93,2.29,0,1286
Fri Dec 19 2025,77.7,82.0,0,194,135.0,2.27,2.66,0,920
Fri Dec 19 2025,74.2,78.0,0,352,140.0,2.68,3.1,0,1493
Fri Dec 19 2025,68.5,72.2,0,338,145.0,3.15,3.6,10,3239
Fri Dec 19 2025,64.5,69.35,0,348,150.0,3.7,4.2,0,933
Fri Dec 19 2025,60.0,64.1,0,205,155.0,4.3,4.8,0,510
Fri Dec 19 2025,58.1,59.95,1,517,160.0,5.0,5.55,0,1133
Fri Dec 19 2025,54.0,56.15,0,354,165.0,5.8,6.4,0,575
Fri Dec 19 2025,50.0,52.1,0,466,170.0,6.7,7.35,0,376
Fri Dec 19 2025,44.5,47.9,0,382,175.0,7.75,8.4,0,725
Fri Dec 19 2025,41.0,44.8,0,364,180.0,8.95,9.6,0,175
Fri Dec 19 2025,37.75,41.35,0,179,185.0,10.25,10.9,0,311
Fri Dec 19 2025,34.15,37.95,0,594,190.0,11.7,12.35,0,324
Fri Dec 19 2025,31.4,34.55,0,371,195.0,13.25,13.95,0,338
Fri Dec 19 2025,29.05,30.75,0,533,200.0,15.05,15.7,0,778
Fri Dec 19 2025,25.0,28.55,0,3,205.0,16.95,17.6,0,0
Fri Dec 19 2025,22.0,26.1,4,384,210.0,19.0,19.7,0,230
Fri Dec 19 2025,19.55,24.5,0,4,215.0,21.25,22.0,0,0
Fri Dec 19 2025,19.45,20.15,1,5393,220.0,23.7,24.45,1,907
Fri Dec 19 2025,17.2,17.95,0,387,225.0,26.35,27.1,0,19
Fri Dec 19 2025,15.15,15.85,0,1109,230.0,28.2,30.8,0,13
Fri Dec 19 2025,13.3,14.0,11,4,235.0,31.7,33.85,0,1
Fri Dec 19 2025,11.65,12.3,10,917,240.0,34.45,37.5,0,69
Fri Dec 19 2025,10.1,10.75,0,2,245.0,37.7,40.7,0,0
Fri Dec 19 2025,8.75,9.4,0,314,250.0,40.6,45.05,0,0
Fri Dec 19 2025,7.55,8.15,0,1,255.0,45.75,48.75,0,0
Fri Dec 19 2025,6.5,7.1,0,126,260.0,49.95,51.55,0,0
Fri Dec 19 2025,5.6,6.15,0,0,265.0,53.5,57.45,0,0
Fri Dec 19 2025,4.7,5.3,0,153,270.0,57.5,62.0,0,0
Fri Dec 19 2025,4.05,4.55,0,6,275.0,62.8,67.0,0,0
Fri Dec 19 2025,3.45,3.95,0,53,280.0,66.5,71.5,0,0
Fri Dec 19 2025,2.87,3.4,0,1,285.0,71.5,76.5,0,0
Fri Dec 19 2025,2.45,2.89,0,34,290.0,76.5,81.5,0,0
Fri Dec 19 2025,1.75,2.14,0,61,300.0,86.5,91.5,0,0
Fri Dec 19 2025,1.21,1.6,0,10,310.0,96.5,101.5,0,0
Fri Dec 19 2025,0.86,1.15,0,0,320.0,106.5,111.5,0,0
Fri Dec 19 2025,0.62,0.95,0,0,330.0,116.5,121.5,0,0
Fri Jan 16 2026,139.5,144.5,1,7,70.0,0.2,0.46,0,455
Fri Jan 16 2026,134.5,139.5,0,2,75.0,0.24,0.5,0,701
Fri Jan 16 2026,129.5,134.5,0,16,80.0,0.26,0.54,0,233
Fri Jan 16 2026,124.5,129.5,0,69,85.0,0.36,0.63,0,300
Fri Jan 16 2026,119.5,124.5,0,120,90.0,0.44,0.73,2,41
Fri Jan 16 2026,114.5,119.5,0,120,95.0,0.57,0.86,1,161
Fri Jan 16 2026,110.0,114.5,0,39,100.0,0.77,1.0,0,259
Fri Jan 16 2026,105.0,110.0,0,4,105.0,0.89,1.17,0,91
Fri Jan 16 2026,100.55,105.0,0,45,110.0,1.08,1.37,0,827
Fri Jan 16 2026,95.5,100.5,0,50,115.0,1.3,1.6,0,1000
Fri Jan 16 2026,91.0,96.0,0,35,120.0,1.56,1.86,0,633
Fri Jan 16 2026,86.5,91.5,0,81,125.0,1.78,2.16,10,392
Fri Jan 16 2026,82.0,87.0,0,126,130.0,2.12,2.42,0,634
Fri Jan 16 2026,78.85,82.5,1,81,135.0,2.48,2.9,0,174
Fri Jan 16 2026,74.15,78.0,0,162,140.0,3.0,3.35,3,456
Fri Jan 16 2026,70.2,73.5,0,147,145.0,3.5,3.9,0,4926
Fri Jan 16 2026,66.7,67.95,0,244,150.0,4.0,4.5,3,4211
Fri Jan 16 2026,62.5,64.1,0,137,155.0,4.6,5.15,5,845
Fri Jan 16 2026,57.7,61.25,0,871,160.0,5.3,5.95,5,2296
Fri Jan 16 2026,52.5,55.9,0,338,165.0,6.3,6.75,0,520
Fri Jan 16 2026,50.05,52.75,0,453,170.0,7.15,7.75,0,4935
Fri Jan 16 2026,46.3,48.3,0,912,175.0,8.3,8.75,1,1384
Fri Jan 16 2026,41.55,45.0,0,716,180.0,9.5,10.1,3,5089
Fri Jan 16 2026,39.5,40.8,2,493,185.0,10.8,11.4,4,191
Fri Jan 16 2026,35.85,38.05,16,426,190.0,12.3,12.95,0,3623
Fri Jan 16 2026,32.8,34.95,0,655,195.0,13.9,14.6,0,854
Fri Jan 16 2026,29.7,31.55,0,4187,200.0,15.7,16.35,0,5407
Fri Jan 16 2026,26.8,28.85,1,34,205.0,17.6,18.3,0,367
Fri Jan 16 2026,22.5,27.5,5,1950,210.0,19.7,20.4,0,1194
Fri Jan 16 2026,21.7,23.7,0,24,215.0,21.95,22.65,0,11
Fri Jan 16 2026,19.9,20.7,1,2094,220.0,24.35,25.15,5,981
Fri Jan 16 2026,17.7,18.55,0,12,225.0,27.0,27.8,4,161
Fri Jan 16 2026,15.7,16.45,1,832,230.0,28.0,32.2,0,155
Fri Jan 16 2026,13.85,14.6,4,32,235.0,31.0,33.95,0,1
Fri Jan 16 2026,12.15,12.8,0,899,240.0,34.95,38.45,0,47
Fri Jan 16 2026,10.75,11.3,0,3,245.0,38.2,41.95,0,0
Fri Jan 16 2026,9.35,9.9,0,1470,250.0,41.0,45.4,0,2
Fri Jan 16 2026,8.0,8.65,0,5,255.0,45.65,48.5,0,0
Fri Jan 16 2026,6.9,7.55,0,1334,260.0,50.15,51.95,0,0
Fri Jan 16 2026,6.0,6.55,0,0,265.0,53.75,57.4,0,0
Fri Jan 16 2026,5.15,5.75,1,1242,270.0,59.0,61.95,0,5
Fri Jan 16 2026,4.4,4.95,0,2,275.0,62.9,67.0,0,0
Fri Jan 16 2026,3.75,4.3,0,1375,280.0,66.5,71.5,0,0
Fri Jan 16 2026,3.2,3.7,0,0,285.0,71.5,76.5,0,0
Fri Jan 16 2026,2.66,3.0,1,754,290.0,76.5,81.5,0,7
Fri Jan 16 2026,1.93,2.4,0,700,300.0,86.5,91.5,0,1
Fri Jan 16 2026,1.39,1.82,0,451,310.0,96.5,101.5,0,0
Fri Jan 16 2026,1.0,1.33,0,39,320.0,106.5,111.5,0,0
Fri Jan 16 2026,0.75,1.02,0,72,330.0,116.55,121.45,0,0
Fri Dec 18 2026,110.0,115.0,0,18,100.0,1.13,3.0,0,160
Fri Dec 18 2026,105.5,110.5,0,4,105.0,1.0,3.65,0,157
Fri Dec 18 2026,101.0,106.0,0,0,110.0,1.37,3.3,0,350
Fri Dec 18 2026,96.5,101.5,0,50,115.0,1.65,3.2,0,196
Fri Dec 18 2026,92.0,97.0,0,6,120.0,1.85,5.5,0,49
Fri Dec 18 2026,88.0,92.5,0,18,125.0,2.05,6.0,0,22
Fri Dec 18 2026,83.55,88.45,0,30,130.0,2.68,4.9,0,47
Fri Dec 18 2026,79.5,84.0,0,18,135.0,2.78,7.0,0,26
Fri Dec 18 2026,76.3,79.6,0,278,140.0,4.35,7.35,0,48
Fri Dec 18 2026,72.15,75.85,0,281,145.0,5.45,9.0,0,84
Fri Dec 18 2026,68.0,72.25,0,188,150.0,6.5,7.85,3,56
Fri Dec 18 2026,65.45,67.75,0,72,155.0,7.1,9.85,0,49
Fri Dec 18 2026,61.65,64.6,0,53,160.0,8.0,9.8,0,47
Fri Dec 18 2026,58.0,60.7,0,27,165.0,8.9,10.85,0,85
Fri Dec 18 2026,53.6,57.95,0,27,170.0,10.45,13.5,3,5
Fri Dec 18 2026,50.0,54.15,0,56,175.0,11.55,15.0,2,68
Fri Dec 18 2026,48.3,50.2,0,97,180.0,13.25,14.8,1,213
Fri Dec 18 2026,43.5,47.25,0,169,185.0,14.2,16.35,5,102
Fri Dec 18 2026,41.55,44.45,0,105,190.0,16.6,17.95,0,35
Fri Dec 18 2026,39.0,42.0,0,34,195.0,18.75,19.85,0,22
Fri Dec 18 2026,36.55,38.1,2,319,200.0,18.55,21.85,0,253
Fri Dec 18 2026,31.2,33.5,1,140,210.0,24.1,27.5,0,381
Fri Dec 18 2026,26.6,27.85,4,276,220.0,27.9,31.95,0,91
Fri Dec 18 2026,20.65,24.75,0,379,230.0,33.65,36.35,0,171
Fri Dec 18 2026,16.55,20.35,2,406,240.0,38.0,43.0,0,436
Fri Dec 18 2026,13.05,16.95,0,170,250.0,44.55,49.45,0,3
Fri Dec 18 2026,10.5,15.5,0,72,260.0,51.5,56.5,0,8
Fri Dec 18 2026,8.0,12.3,0,31,270.0,59.5,63.85,0,0
Fri Dec 18 2026,7.7,10.2,0,24,280.0,68.05,72.35,0,0
Fri Dec 18 2026,5.8,8.75,0,17,290.0,77.0,82.0,0,0
Fri Dec 18 2026,4.0,7.4,0,9,300.0,86.5,91.5,0,0
Fri Dec 18 2026,2.94,6.0,0,181,310.0,96.5,101.5,0,0
Fri Dec 18 2026,3.0,5.6,0,24,320.0,106.5,111.5,0,0
Fri Dec 18 2026,1.55,4.8,0,30,330.0,116.5,121.5,0,0
Fri Jan 15 2027,101.0,106.0,0,0,110.0,1.39,4.2,0,3
Fri Jan 15 2027,96.5,101.5,0,0,115.0,0.5,4.65,2,1
Fri Jan 15 2027,92.0,97.0,0,0,120.0,1.09,5.35,0,1
Fri Jan 15 2027,88.0,93.0,0,23,125.0,1.53,5.85,0,0
Fri Jan 15 2027,83.5,88.5,0,0,130.0,2.0,6.15,0,0
Fri Jan 15 2027,79.5,84.5,0,0,135.0,3.0,7.5,0,0
Fri Jan 15 2027,76.8,79.9,0,0,140.0,5.0,6.35,0,2
Fri Jan 15 2027,73.15,76.35,0,0,145.0,5.35,7.55,0,0
Fri Jan 15 2027,68.0,72.3,0,750,150.0,6.35,8.55,0,750
Fri Jan 15 2027,65.25,68.35,0,0,155.0,7.65,11.0,0,0
Fri Jan 15 2027,61.0,65.5,1,11,160.0,8.55,10.15,0,12
Fri Jan 15 2027,57.5,60.95,0,1,165.0,9.65,12.3,0,0
Fri Jan 15 2027,54.0,57.4,0,1,170.0,10.75,14.5,0,0
Fri Jan 15 2027,51.6,55.5,0,0,175.0,11.9,13.8,0,0
Fri Jan 15 2027,48.15,52.0,0,4,180.0,13.45,16.25,0,0
Fri Jan 15 2027,44.5,48.35,0,85,185.0,14.95,16.75,0,10
Fri Jan 15 2027,42.55,45.45,0,1,190.0,16.65,19.95,0,0
Fri Jan 15 2027,38.95,41.7,0,2,195.0,17.1,21.1,0,0
Fri Jan 15 2027,36.85,38.95,1,7,200.0,19.3,24.0,0,6
Fri Jan 15 2027,31.6,34.05,1,30,210.0,23.65,27.9,0,7
Fri Jan 15 2027,26.85,29.25,0,4,220.0,28.45,31.95,0,2
Fri Jan 15 2027,22.6,24.95,0,10,230.0,33.0,36.9,3,0
Fri Jan 15 2027,17.5,20.7,0,3,240.0,39.0,43.4,0,0
Fri Jan 15 2027,14.4,18.5,0,9,250.0,45.0,49.95,0,0
Fri Jan 15 2027,11.0,16.0,0,0,260.0,52.1,56.35,0,0
Fri Jan 15 2027,8.9,12.35,0,1,270.0,59.6,64.35,0,0
Fri Jan 15 2027,7.75,10.35,0,0,280.0,68.0,72.5,0,0
Fri Jan 15 2027,5.1,8.65,0,0,290.0,77.0,82.0,0,0
Fri Jan 15 2027,4.95,7.5,0,14,300.0,86.5,91.5,0,0
Fri Jan 15 2027,3.0,6.5,0,0,310.0,96.5,101.5,0,0
